round,snapshot_version,phase,input_atom,atom,category,sti,lti,in_af,af_rank,directly_stimulated,entered_via_diffusion,bank_sti,bank_lti,total_atom_sti,total_atom_lti,total_sti_plus_bank,total_lti_plus_bank
0,0,initial,,abamectin,bridge,1,1,0,,0,0,100000,100000,41.00000000000004,41.00000000000004,100041,100041
0,0,initial,,acetamiprid,bridge,1,1,0,,0,0,100000,100000,41.00000000000004,41.00000000000004,100041,100041
0,0,initial,,aconite,poison,1,1,1,7,0,0,100000,100000,41.00000000000004,41.00000000000004,100041,100041
0,0,initial,,aflatoxin,poison,1,1,0,,0,0,100000,100000,41.00000000000004,41.00000000000004,100041,100041
0,0,initial,,alachlor,bridge,1,1,0,,0,0,100000,100000,41.00000000000004,41.00000000000004,100041,100041
0,0,initial,,alcohol,poison,1,1,1,8,0,0,100000,100000,41.00000000000004,41.00000000000004,100041,100041
0,0,initial,,aldicarb,bridge,1,1,0,,0,0,100000,100000,41.00000000000004,41.00000000000004,100041,100041
0,0,initial,,aldrin,bridge,1,1,1,3,0,0,100000,100000,41.00000000000004,41.00000000000004,100041,100041
0,0,initial,,ammonia,poison,1,1,1,9,0,0,100000,100000,41.00000000000004,41.00000000000004,100041,100041
0,0,initial,,ant,insect,1,1,1,1,0,0,100000,100000,41.00000000000004,41.00000000000004,100041,100041
0,0,initial,,aphid,insect,1,1,1,2,0,0,100000,100000,41.00000000000004,41.00000000000004,100041,100041
0,0,initial,,aphid-fluvalinate,insect,1,1,0,,0,0,100000,100000,41.00000000000004,41.00000000000004,100041,100041
0,0,initial,,armyworm-bendiocarb,insect,1,1,0,,0,0,100000,100000,41.00000000000004,41.00000000000004,100041,100041
0,0,initial,,armyworm-ethion,insect,1,1,0,,0,0,100000,100000,41.00000000000004,41.00000000000004,100041,100041
0,0,initial,,armyworm-fosmethilan,insect,1,1,0,,0,0,100000,100000,41.00000000000004,41.00000000000004,100041,100041
0,0,initial,,arsenic,poison,1,1,1,10,0,0,100000,100000,41.00000000000004,41.00000000000004,100041,100041
0,0,initial,,aspirin,poison,1,1,1,11,0,0,100000,100000,41.00000000000004,41.00000000000004,100041,100041
0,0,initial,,azoxystrobin,poison,1,1,0,,0,0,100000,100000,41.00000000000004,41.00000000000004,100041,100041
0,0,initial,,beanpodborer,insect,1,1,0,,0,0,100000,100000,41.00000000000004,41.00000000000004,100041,100041
0,0,initial,,beetwebworm,insect,1,1,0,,0,0,100000,100000,41.00000000000004,41.00000000000004,100041,100041
0,0,initial,,benazolin,bridge,1,1,0,,0,0,100000,100000,41.00000000000004,41.00000000000004,100041,100041
0,0,initial,,bendiocarb,bridge,1,1,0,,0,0,100000,100000,41.00000000000004,41.00000000000004,100041,100041
0,0,initial,,botulinum,poison,1,1,0,,0,0,100000,100000,41.00000000000004,41.00000000000004,100041,100041
0,0,initial,,diazinon,bridge,1,1,0,,0,0,100000,100000,41.00000000000004,41.00000000000004,100041,100041
0,0,initial,,dichloropropene,bridge,1,1,0,,0,0,100000,100000,41.00000000000004,41.00000000000004,100041,100041
0,0,initial,,dicofol,bridge,1,1,1,12,0,0,100000,100000,41.00000000000004,41.00000000000004,100041,100041
0,0,initial,,dinoseb,bridge,1,1,0,,0,0,100000,100000,41.00000000000004,41.00000000000004,100041,100041
0,0,initial,,ethiofencarb,bridge,1,1,0,,0,0,100000,100000,41.00000000000004,41.00000000000004,100041,100041
0,0,initial,,ethion,bridge,1,1,1,4,0,0,100000,100000,41.00000000000004,41.00000000000004,100041,100041
0,0,initial,,fenson,bridge,1,1,1,5,0,0,100000,100000,41.00000000000004,41.00000000000004,100041,100041
0,0,initial,,fluvalinate,bridge,1,1,0,,0,0,100000,100000,41.00000000000004,41.00000000000004,100041,100041
0,0,initial,,fosmethilan,bridge,1,1,0,,0,0,100000,100000,41.00000000000004,41.00000000000004,100041,100041
0,0,initial,,hydramethylnon,bridge,1,1,0,,0,0,100000,100000,41.00000000000004,41.00000000000004,100041,100041
0,0,initial,,lindane,bridge,1,1,0,,0,0,100000,100000,41.00000000000004,41.00000000000004,100041,100041
0,0,initial,,methidathion,bridge,1,1,0,,0,0,100000,100000,41.00000000000004,41.00000000000004,100041,100041
0,0,initial,,noise-001,noise,0.1,0.1,0,,0,0,100000,100000,41.00000000000004,41.00000000000004,100041,100041
0,0,initial,,noise-002,noise,0.1,0.1,0,,0,0,100000,100000,41.00000000000004,41.00000000000004,100041,100041
0,0,initial,,noise-003,noise,0.1,0.1,0,,0,0,100000,100000,41.00000000000004,41.00000000000004,100041,100041
0,0,initial,,noise-004,noise,0.1,0.1,0,,0,0,100000,100000,41.00000000000004,41.00000000000004,100041,100041
0,0,initial,,noise-005,noise,0.1,0.1,0,,0,0,100000,100000,41.00000000000004,41.00000000000004,100041,100041
0,0,initial,,noise-006,noise,0.1,0.1,0,,0,0,100000,100000,41.00000000000004,41.00000000000004,100041,100041
0,0,initial,,noise-007,noise,0.1,0.1,0,,0,0,100000,100000,41.00000000000004,41.00000000000004,100041,100041
0,0,initial,,noise-008,noise,0.1,0.1,0,,0,0,100000,100000,41.00000000000004,41.00000000000004,100041,100041
0,0,initial,,noise-009,noise,0.1,0.1,0,,0,0,100000,100000,41.00000000000004,41.00000000000004,100041,100041
0,0,initial,,noise-010,noise,0.1,0.1,0,,0,0,100000,100000,41.00000000000004,41.00000000000004,100041,100041
0,0,initial,,noise-011,noise,0.1,0.1,0,,0,0,100000,100000,41.00000000000004,41.00000000000004,100041,100041
0,0,initial,,noise-012,noise,0.1,0.1,0,,0,0,100000,100000,41.00000000000004,41.00000000000004,100041,100041
0,0,initial,,noise-013,noise,0.1,0.1,0,,0,0,100000,100000,41.00000000000004,41.00000000000004,100041,100041
0,0,initial,,noise-014,noise,0.1,0.1,0,,0,0,100000,100000,41.00000000000004,41.00000000000004,100041,100041
0,0,initial,,noise-015,noise,0.1,0.1,0,,0,0,100000,100000,41.00000000000004,41.00000000000004,100041,100041
0,0,initial,,noise-016,noise,0.1,0.1,0,,0,0,100000,100000,41.00000000000004,41.00000000000004,100041,100041
0,0,initial,,noise-017,noise,0.1,0.1,0,,0,0,100000,100000,41.00000000000004,41.00000000000004,100041,100041
0,0,initial,,noise-018,noise,0.1,0.1,0,,0,0,100000,100000,41.00000000000004,41.00000000000004,100041,100041
0,0,initial,,noise-019,noise,0.1,0.1,0,,0,0,100000,100000,41.00000000000004,41.00000000000004,100041,100041
0,0,initial,,noise-020,noise,0.1,0.1,0,,0,0,100000,100000,41.00000000000004,41.00000000000004,100041,100041
0,0,initial,,noise-021,noise,0.1,0.1,0,,0,0,100000,100000,41.00000000000004,41.00000000000004,100041,100041
0,0,initial,,noise-022,noise,0.1,0.1,0,,0,0,100000,100000,41.00000000000004,41.00000000000004,100041,100041
0,0,initial,,noise-023,noise,0.1,0.1,0,,0,0,100000,100000,41.00000000000004,41.00000000000004,100041,100041
0,0,initial,,noise-024,noise,0.1,0.1,0,,0,0,100000,100000,41.00000000000004,41.00000000000004,100041,100041
0,0,initial,,noise-025,noise,0.1,0.1,0,,0,0,100000,100000,41.00000000000004,41.00000000000004,100041,100041
0,0,initial,,noise-026,noise,0.1,0.1,0,,0,0,100000,100000,41.00000000000004,41.00000000000004,100041,100041
0,0,initial,,noise-027,noise,0.1,0.1,0,,0,0,100000,100000,41.00000000000004,41.00000000000004,100041,100041
0,0,initial,,noise-028,noise,0.1,0.1,0,,0,0,100000,100000,41.00000000000004,41.00000000000004,100041,100041
0,0,initial,,noise-029,noise,0.1,0.1,0,,0,0,100000,100000,41.00000000000004,41.00000000000004,100041,100041
0,0,initial,,noise-030,noise,0.1,0.1,0,,0,0,100000,100000,41.00000000000004,41.00000000000004,100041,100041
0,0,initial,,spider,insect,1,1,1,6,0,0,100000,100000,41.00000000000004,41.00000000000004,100041,100041
0,0,initial,,spider-hydramethylnon,insect,1,1,0,,0,0,100000,100000,41.00000000000004,41.00000000000004,100041,100041
0,0,initial,,trichlorophenol,bridge,1,1,0,,0,0,100000,100000,41.00000000000004,41.00000000000004,100041,100041
1,5,insect,spider,abamectin,bridge,77.38,1,1,2,0,1,99800,99800,240.99999999999983,241.00000000000006,100041,100041
1,5,insect,spider,acetamiprid,bridge,1,1,0,,0,0,99800,99800,240.99999999999983,241.00000000000006,100041,100041
1,5,insect,spider,aconite,poison,1,1,1,8,0,0,99800,99800,240.99999999999983,241.00000000000006,100041,100041
1,5,insect,spider,aflatoxin,poison,1,1,0,,0,0,99800,99800,240.99999999999983,241.00000000000006,100041,100041
1,5,insect,spider,alachlor,bridge,1,1,0,,0,0,99800,99800,240.99999999999983,241.00000000000006,100041,100041
1,5,insect,spider,alcohol,poison,1,1,1,9,0,0,99800,99800,240.99999999999983,241.00000000000006,100041,100041
1,5,insect,spider,aldicarb,bridge,1,1,0,,0,0,99800,99800,240.99999999999983,241.00000000000006,100041,100041
1,5,insect,spider,aldrin,bridge,1,1,1,5,0,0,99800,99800,240.99999999999983,241.00000000000006,100041,100041
1,5,insect,spider,ammonia,poison,1,1,1,10,0,0,99800,99800,240.99999999999983,241.00000000000006,100041,100041
1,5,insect,spider,ant,insect,1,1,1,3,0,0,99800,99800,240.99999999999983,241.00000000000006,100041,100041
1,5,insect,spider,aphid,insect,1,1,1,4,0,0,99800,99800,240.99999999999983,241.00000000000006,100041,100041
1,5,insect,spider,aphid-fluvalinate,insect,1,1,0,,0,0,99800,99800,240.99999999999983,241.00000000000006,100041,100041
1,5,insect,spider,armyworm-bendiocarb,insect,1,1,0,,0,0,99800,99800,240.99999999999983,241.00000000000006,100041,100041
1,5,insect,spider,armyworm-ethion,insect,1,1,0,,0,0,99800,99800,240.99999999999983,241.00000000000006,100041,100041
1,5,insect,spider,armyworm-fosmethilan,insect,1,1,0,,0,0,99800,99800,240.99999999999983,241.00000000000006,100041,100041
1,5,insect,spider,arsenic,poison,1,1,1,11,0,0,99800,99800,240.99999999999983,241.00000000000006,100041,100041
1,5,insect,spider,aspirin,poison,1,1,1,12,0,0,99800,99800,240.99999999999983,241.00000000000006,100041,100041
1,5,insect,spider,azoxystrobin,poison,1,1,0,,0,0,99800,99800,240.99999999999983,241.00000000000006,100041,100041
1,5,insect,spider,beanpodborer,insect,1,1,0,,0,0,99800,99800,240.99999999999983,241.00000000000006,100041,100041
1,5,insect,spider,beetwebworm,insect,1,1,0,,0,0,99800,99800,240.99999999999983,241.00000000000006,100041,100041
1,5,insect,spider,benazolin,bridge,1,1,0,,0,0,99800,99800,240.99999999999983,241.00000000000006,100041,100041
1,5,insect,spider,bendiocarb,bridge,1,1,0,,0,0,99800,99800,240.99999999999983,241.00000000000006,100041,100041
1,5,insect,spider,botulinum,poison,1,1,0,,0,0,99800,99800,240.99999999999983,241.00000000000006,100041,100041
1,5,insect,spider,diazinon,bridge,1,1,0,,0,0,99800,99800,240.99999999999983,241.00000000000006,100041,100041
1,5,insect,spider,dichloropropene,bridge,1,1,0,,0,0,99800,99800,240.99999999999983,241.00000000000006,100041,100041
1,5,insect,spider,dicofol,bridge,1,1,0,,0,0,99800,99800,240.99999999999983,241.00000000000006,100041,100041
1,5,insect,spider,dinoseb,bridge,1,1,0,,0,0,99800,99800,240.99999999999983,241.00000000000006,100041,100041
1,5,insect,spider,ethiofencarb,bridge,1,1,0,,0,0,99800,99800,240.99999999999983,241.00000000000006,100041,100041
1,5,insect,spider,ethion,bridge,1,1,1,6,0,0,99800,99800,240.99999999999983,241.00000000000006,100041,100041
1,5,insect,spider,fenson,bridge,1,1,1,7,0,0,99800,99800,240.99999999999983,241.00000000000006,100041,100041
1,5,insect,spider,fluvalinate,bridge,1,1,0,,0,0,99800,99800,240.99999999999983,241.00000000000006,100041,100041
1,5,insect,spider,fosmethilan,bridge,1,1,0,,0,0,99800,99800,240.99999999999983,241.00000000000006,100041,100041
1,5,insect,spider,hydramethylnon,bridge,1,1,0,,0,0,99800,99800,240.99999999999983,241.00000000000006,100041,100041
1,5,insect,spider,lindane,bridge,1,1,0,,0,0,99800,99800,240.99999999999983,241.00000000000006,100041,100041
1,5,insect,spider,methidathion,bridge,1,1,0,,0,0,99800,99800,240.99999999999983,241.00000000000006,100041,100041
1,5,insect,spider,noise-001,noise,0.1,0.1,0,,0,0,99800,99800,240.99999999999983,241.00000000000006,100041,100041
1,5,insect,spider,noise-002,noise,0.1,0.1,0,,0,0,99800,99800,240.99999999999983,241.00000000000006,100041,100041
1,5,insect,spider,noise-003,noise,0.1,0.1,0,,0,0,99800,99800,240.99999999999983,241.00000000000006,100041,100041
1,5,insect,spider,noise-004,noise,0.1,0.1,0,,0,0,99800,99800,240.99999999999983,241.00000000000006,100041,100041
1,5,insect,spider,noise-005,noise,0.1,0.1,0,,0,0,99800,99800,240.99999999999983,241.00000000000006,100041,100041
1,5,insect,spider,noise-006,noise,0.1,0.1,0,,0,0,99800,99800,240.99999999999983,241.00000000000006,100041,100041
1,5,insect,spider,noise-007,noise,0.1,0.1,0,,0,0,99800,99800,240.99999999999983,241.00000000000006,100041,100041
1,5,insect,spider,noise-008,noise,0.1,0.1,0,,0,0,99800,99800,240.99999999999983,241.00000000000006,100041,100041
1,5,insect,spider,noise-009,noise,0.1,0.1,0,,0,0,99800,99800,240.99999999999983,241.00000000000006,100041,100041
1,5,insect,spider,noise-010,noise,0.1,0.1,0,,0,0,99800,99800,240.99999999999983,241.00000000000006,100041,100041
1,5,insect,spider,noise-011,noise,0.1,0.1,0,,0,0,99800,99800,240.99999999999983,241.00000000000006,100041,100041
1,5,insect,spider,noise-012,noise,0.1,0.1,0,,0,0,99800,99800,240.99999999999983,241.00000000000006,100041,100041
1,5,insect,spider,noise-013,noise,0.1,0.1,0,,0,0,99800,99800,240.99999999999983,241.00000000000006,100041,100041
1,5,insect,spider,noise-014,noise,0.1,0.1,0,,0,0,99800,99800,240.99999999999983,241.00000000000006,100041,100041
1,5,insect,spider,noise-015,noise,0.1,0.1,0,,0,0,99800,99800,240.99999999999983,241.00000000000006,100041,100041
1,5,insect,spider,noise-016,noise,0.1,0.1,0,,0,0,99800,99800,240.99999999999983,241.00000000000006,100041,100041
1,5,insect,spider,noise-017,noise,0.1,0.1,0,,0,0,99800,99800,240.99999999999983,241.00000000000006,100041,100041
1,5,insect,spider,noise-018,noise,0.1,0.1,0,,0,0,99800,99800,240.99999999999983,241.00000000000006,100041,100041
1,5,insect,spider,noise-019,noise,0.1,0.1,0,,0,0,99800,99800,240.99999999999983,241.00000000000006,100041,100041
1,5,insect,spider,noise-020,noise,0.1,0.1,0,,0,0,99800,99800,240.99999999999983,241.00000000000006,100041,100041
1,5,insect,spider,noise-021,noise,0.1,0.1,0,,0,0,99800,99800,240.99999999999983,241.00000000000006,100041,100041
1,5,insect,spider,noise-022,noise,0.1,0.1,0,,0,0,99800,99800,240.99999999999983,241.00000000000006,100041,100041
1,5,insect,spider,noise-023,noise,0.1,0.1,0,,0,0,99800,99800,240.99999999999983,241.00000000000006,100041,100041
1,5,insect,spider,noise-024,noise,0.1,0.1,0,,0,0,99800,99800,240.99999999999983,241.00000000000006,100041,100041
1,5,insect,spider,noise-025,noise,0.1,0.1,0,,0,0,99800,99800,240.99999999999983,241.00000000000006,100041,100041
1,5,insect,spider,noise-026,noise,0.1,0.1,0,,0,0,99800,99800,240.99999999999983,241.00000000000006,100041,100041
1,5,insect,spider,noise-027,noise,0.1,0.1,0,,0,0,99800,99800,240.99999999999983,241.00000000000006,100041,100041
1,5,insect,spider,noise-028,noise,0.1,0.1,0,,0,0,99800,99800,240.99999999999983,241.00000000000006,100041,100041
1,5,insect,spider,noise-029,noise,0.1,0.1,0,,0,0,99800,99800,240.99999999999983,241.00000000000006,100041,100041
1,5,insect,spider,noise-030,noise,0.1,0.1,0,,0,0,99800,99800,240.99999999999983,241.00000000000006,100041,100041
1,5,insect,spider,spider,insect,124.62,201,1,1,1,0,99800,99800,240.99999999999983,241.00000000000006,100041,100041
1,5,insect,spider,spider-hydramethylnon,insect,1,1,0,,0,0,99800,99800,240.99999999999983,241.00000000000006,100041,100041
1,5,insect,spider,trichlorophenol,bridge,1,1,0,,0,0,99800,99800,240.99999999999983,241.00000000000006,100041,100041
2,10,insect,ant,abamectin,bridge,77.38,1,1,3,0,1,99600,99600,441.0000000000007,440.99999999999983,100041,100041
2,10,insect,ant,acetamiprid,bridge,77.38,1,1,4,0,1,99600,99600,441.0000000000007,440.99999999999983,100041,100041
2,10,insect,ant,aconite,poison,1,1,1,9,0,0,99600,99600,441.0000000000007,440.99999999999983,100041,100041
2,10,insect,ant,aflatoxin,poison,1,1,0,,0,0,99600,99600,441.0000000000007,440.99999999999983,100041,100041
2,10,insect,ant,alachlor,bridge,1,1,0,,0,0,99600,99600,441.0000000000007,440.99999999999983,100041,100041
2,10,insect,ant,alcohol,poison,1,1,1,10,0,0,99600,99600,441.0000000000007,440.99999999999983,100041,100041
2,10,insect,ant,aldicarb,bridge,1,1,0,,0,0,99600,99600,441.0000000000007,440.99999999999983,100041,100041
2,10,insect,ant,aldrin,bridge,1,1,1,6,0,0,99600,99600,441.0000000000007,440.99999999999983,100041,100041
2,10,insect,ant,ammonia,poison,1,1,1,11,0,0,99600,99600,441.0000000000007,440.99999999999983,100041,100041
2,10,insect,ant,ant,insect,124.62,201,1,1,1,0,99600,99600,441.0000000000007,440.99999999999983,100041,100041
2,10,insect,ant,aphid,insect,1,1,1,5,0,0,99600,99600,441.0000000000007,440.99999999999983,100041,100041
2,10,insect,ant,aphid-fluvalinate,insect,1,1,0,,0,0,99600,99600,441.0000000000007,440.99999999999983,100041,100041
2,10,insect,ant,armyworm-bendiocarb,insect,1,1,0,,0,0,99600,99600,441.0000000000007,440.99999999999983,100041,100041
2,10,insect,ant,armyworm-ethion,insect,1,1,0,,0,0,99600,99600,441.0000000000007,440.99999999999983,100041,100041
2,10,insect,ant,armyworm-fosmethilan,insect,1,1,0,,0,0,99600,99600,441.0000000000007,440.99999999999983,100041,100041
2,10,insect,ant,arsenic,poison,1,1,1,12,0,0,99600,99600,441.0000000000007,440.99999999999983,100041,100041
2,10,insect,ant,aspirin,poison,1,1,0,,0,0,99600,99600,441.0000000000007,440.99999999999983,100041,100041
2,10,insect,ant,azoxystrobin,poison,1,1,0,,0,0,99600,99600,441.0000000000007,440.99999999999983,100041,100041
2,10,insect,ant,beanpodborer,insect,1,1,0,,0,0,99600,99600,441.0000000000007,440.99999999999983,100041,100041
2,10,insect,ant,beetwebworm,insect,1,1,0,,0,0,99600,99600,441.0000000000007,440.99999999999983,100041,100041
2,10,insect,ant,benazolin,bridge,1,1,0,,0,0,99600,99600,441.0000000000007,440.99999999999983,100041,100041
2,10,insect,ant,bendiocarb,bridge,1,1,0,,0,0,99600,99600,441.0000000000007,440.99999999999983,100041,100041
2,10,insect,ant,botulinum,poison,1,1,0,,0,0,99600,99600,441.0000000000007,440.99999999999983,100041,100041
2,10,insect,ant,diazinon,bridge,1,1,0,,0,0,99600,99600,441.0000000000007,440.99999999999983,100041,100041
2,10,insect,ant,dichloropropene,bridge,1,1,0,,0,0,99600,99600,441.0000000000007,440.99999999999983,100041,100041
2,10,insect,ant,dicofol,bridge,1,1,0,,0,0,99600,99600,441.0000000000007,440.99999999999983,100041,100041
2,10,insect,ant,dinoseb,bridge,1,1,0,,0,0,99600,99600,441.0000000000007,440.99999999999983,100041,100041
2,10,insect,ant,ethiofencarb,bridge,1,1,0,,0,0,99600,99600,441.0000000000007,440.99999999999983,100041,100041
2,10,insect,ant,ethion,bridge,1,1,1,7,0,0,99600,99600,441.0000000000007,440.99999999999983,100041,100041
2,10,insect,ant,fenson,bridge,1,1,1,8,0,0,99600,99600,441.0000000000007,440.99999999999983,100041,100041
2,10,insect,ant,fluvalinate,bridge,1,1,0,,0,0,99600,99600,441.0000000000007,440.99999999999983,100041,100041
2,10,insect,ant,fosmethilan,bridge,1,1,0,,0,0,99600,99600,441.0000000000007,440.99999999999983,100041,100041
2,10,insect,ant,hydramethylnon,bridge,1,1,0,,0,0,99600,99600,441.0000000000007,440.99999999999983,100041,100041
2,10,insect,ant,lindane,bridge,1,1,0,,0,0,99600,99600,441.0000000000007,440.99999999999983,100041,100041
2,10,insect,ant,methidathion,bridge,1,1,0,,0,0,99600,99600,441.0000000000007,440.99999999999983,100041,100041
2,10,insect,ant,noise-001,noise,0.1,0.1,0,,0,0,99600,99600,441.0000000000007,440.99999999999983,100041,100041
2,10,insect,ant,noise-002,noise,0.1,0.1,0,,0,0,99600,99600,441.0000000000007,440.99999999999983,100041,100041
2,10,insect,ant,noise-003,noise,0.1,0.1,0,,0,0,99600,99600,441.0000000000007,440.99999999999983,100041,100041
2,10,insect,ant,noise-004,noise,0.1,0.1,0,,0,0,99600,99600,441.0000000000007,440.99999999999983,100041,100041
2,10,insect,ant,noise-005,noise,0.1,0.1,0,,0,0,99600,99600,441.0000000000007,440.99999999999983,100041,100041
2,10,insect,ant,noise-006,noise,0.1,0.1,0,,0,0,99600,99600,441.0000000000007,440.99999999999983,100041,100041
2,10,insect,ant,noise-007,noise,0.1,0.1,0,,0,0,99600,99600,441.0000000000007,440.99999999999983,100041,100041
2,10,insect,ant,noise-008,noise,0.1,0.1,0,,0,0,99600,99600,441.0000000000007,440.99999999999983,100041,100041
2,10,insect,ant,noise-009,noise,0.1,0.1,0,,0,0,99600,99600,441.0000000000007,440.99999999999983,100041,100041
2,10,insect,ant,noise-010,noise,0.1,0.1,0,,0,0,99600,99600,441.0000000000007,440.99999999999983,100041,100041
2,10,insect,ant,noise-011,noise,0.1,0.1,0,,0,0,99600,99600,441.0000000000007,440.99999999999983,100041,100041
2,10,insect,ant,noise-012,noise,0.1,0.1,0,,0,0,99600,99600,441.0000000000007,440.99999999999983,100041,100041
2,10,insect,ant,noise-013,noise,0.1,0.1,0,,0,0,99600,99600,441.0000000000007,440.99999999999983,100041,100041
2,10,insect,ant,noise-014,noise,0.1,0.1,0,,0,0,99600,99600,441.0000000000007,440.99999999999983,100041,100041
2,10,insect,ant,noise-015,noise,0.1,0.1,0,,0,0,99600,99600,441.0000000000007,440.99999999999983,100041,100041
2,10,insect,ant,noise-016,noise,0.1,0.1,0,,0,0,99600,99600,441.0000000000007,440.99999999999983,100041,100041
2,10,insect,ant,noise-017,noise,0.1,0.1,0,,0,0,99600,99600,441.0000000000007,440.99999999999983,100041,100041
2,10,insect,ant,noise-018,noise,0.1,0.1,0,,0,0,99600,99600,441.0000000000007,440.99999999999983,100041,100041
2,10,insect,ant,noise-019,noise,0.1,0.1,0,,0,0,99600,99600,441.0000000000007,440.99999999999983,100041,100041
2,10,insect,ant,noise-020,noise,0.1,0.1,0,,0,0,99600,99600,441.0000000000007,440.99999999999983,100041,100041
2,10,insect,ant,noise-021,noise,0.1,0.1,0,,0,0,99600,99600,441.0000000000007,440.99999999999983,100041,100041
2,10,insect,ant,noise-022,noise,0.1,0.1,0,,0,0,99600,99600,441.0000000000007,440.99999999999983,100041,100041
2,10,insect,ant,noise-023,noise,0.1,0.1,0,,0,0,99600,99600,441.0000000000007,440.99999999999983,100041,100041
2,10,insect,ant,noise-024,noise,0.1,0.1,0,,0,0,99600,99600,441.0000000000007,440.99999999999983,100041,100041
2,10,insect,ant,noise-025,noise,0.1,0.1,0,,0,0,99600,99600,441.0000000000007,440.99999999999983,100041,100041
2,10,insect,ant,noise-026,noise,0.1,0.1,0,,0,0,99600,99600,441.0000000000007,440.99999999999983,100041,100041
2,10,insect,ant,noise-027,noise,0.1,0.1,0,,0,0,99600,99600,441.0000000000007,440.99999999999983,100041,100041
2,10,insect,ant,noise-028,noise,0.1,0.1,0,,0,0,99600,99600,441.0000000000007,440.99999999999983,100041,100041
2,10,insect,ant,noise-029,noise,0.1,0.1,0,,0,0,99600,99600,441.0000000000007,440.99999999999983,100041,100041
2,10,insect,ant,noise-030,noise,0.1,0.1,0,,0,0,99600,99600,441.0000000000007,440.99999999999983,100041,100041
2,10,insect,ant,spider,insect,124.62,201,1,2,1,0,99600,99600,441.0000000000007,440.99999999999983,100041,100041
2,10,insect,ant,spider-hydramethylnon,insect,1,1,0,,0,0,99600,99600,441.0000000000007,440.99999999999983,100041,100041
2,10,insect,ant,trichlorophenol,bridge,1,1,0,,0,0,99600,99600,441.0000000000007,440.99999999999983,100041,100041
3,15,insect,aphid,abamectin,bridge,77.38,1,1,5,0,1,99400,99400,641.0000000000007,641.0000000000007,100041,100041
3,15,insect,aphid,acetamiprid,bridge,77.38,1,1,6,0,1,99400,99400,641.0000000000007,641.0000000000007,100041,100041
3,15,insect,aphid,aconite,poison,1,1,1,10,0,0,99400,99400,641.0000000000007,641.0000000000007,100041,100041
3,15,insect,aphid,aflatoxin,poison,1,1,0,,0,0,99400,99400,641.0000000000007,641.0000000000007,100041,100041
3,15,insect,aphid,alachlor,bridge,77.38,1,1,4,0,1,99400,99400,641.0000000000007,641.0000000000007,100041,100041
3,15,insect,aphid,alcohol,poison,1,1,1,11,0,0,99400,99400,641.0000000000007,641.0000000000007,100041,100041
3,15,insect,aphid,aldicarb,bridge,1,1,0,,0,0,99400,99400,641.0000000000007,641.0000000000007,100041,100041
3,15,insect,aphid,aldrin,bridge,1,1,1,7,0,0,99400,99400,641.0000000000007,641.0000000000007,100041,100041
3,15,insect,aphid,ammonia,poison,1,1,1,12,0,0,99400,99400,641.0000000000007,641.0000000000007,100041,100041
3,15,insect,aphid,ant,insect,124.62,201,1,1,1,0,99400,99400,641.0000000000007,641.0000000000007,100041,100041
3,15,insect,aphid,aphid,insect,124.62,201,1,2,1,0,99400,99400,641.0000000000007,641.0000000000007,100041,100041
3,15,insect,aphid,aphid-fluvalinate,insect,1,1,0,,0,0,99400,99400,641.0000000000007,641.0000000000007,100041,100041
3,15,insect,aphid,armyworm-bendiocarb,insect,1,1,0,,0,0,99400,99400,641.0000000000007,641.0000000000007,100041,100041
3,15,insect,aphid,armyworm-ethion,insect,1,1,0,,0,0,99400,99400,641.0000000000007,641.0000000000007,100041,100041
3,15,insect,aphid,armyworm-fosmethilan,insect,1,1,0,,0,0,99400,99400,641.0000000000007,641.0000000000007,100041,100041
3,15,insect,aphid,arsenic,poison,1,1,0,,0,0,99400,99400,641.0000000000007,641.0000000000007,100041,100041
3,15,insect,aphid,aspirin,poison,1,1,0,,0,0,99400,99400,641.0000000000007,641.0000000000007,100041,100041
3,15,insect,aphid,azoxystrobin,poison,1,1,0,,0,0,99400,99400,641.0000000000007,641.0000000000007,100041,100041
3,15,insect,aphid,beanpodborer,insect,1,1,0,,0,0,99400,99400,641.0000000000007,641.0000000000007,100041,100041
3,15,insect,aphid,beetwebworm,insect,1,1,0,,0,0,99400,99400,641.0000000000007,641.0000000000007,100041,100041
3,15,insect,aphid,benazolin,bridge,1,1,0,,0,0,99400,99400,641.0000000000007,641.0000000000007,100041,100041
3,15,insect,aphid,bendiocarb,bridge,1,1,0,,0,0,99400,99400,641.0000000000007,641.0000000000007,100041,100041
3,15,insect,aphid,botulinum,poison,1,1,0,,0,0,99400,99400,641.0000000000007,641.0000000000007,100041,100041
3,15,insect,aphid,diazinon,bridge,1,1,0,,0,0,99400,99400,641.0000000000007,641.0000000000007,100041,100041
3,15,insect,aphid,dichloropropene,bridge,1,1,0,,0,0,99400,99400,641.0000000000007,641.0000000000007,100041,100041
3,15,insect,aphid,dicofol,bridge,1,1,0,,0,0,99400,99400,641.0000000000007,641.0000000000007,100041,100041
3,15,insect,aphid,dinoseb,bridge,1,1,0,,0,0,99400,99400,641.0000000000007,641.0000000000007,100041,100041
3,15,insect,aphid,ethiofencarb,bridge,1,1,0,,0,0,99400,99400,641.0000000000007,641.0000000000007,100041,100041
3,15,insect,aphid,ethion,bridge,1,1,1,8,0,0,99400,99400,641.0000000000007,641.0000000000007,100041,100041
3,15,insect,aphid,fenson,bridge,1,1,1,9,0,0,99400,99400,641.0000000000007,641.0000000000007,100041,100041
3,15,insect,aphid,fluvalinate,bridge,1,1,0,,0,0,99400,99400,641.0000000000007,641.0000000000007,100041,100041
3,15,insect,aphid,fosmethilan,bridge,1,1,0,,0,0,99400,99400,641.0000000000007,641.0000000000007,100041,100041
3,15,insect,aphid,hydramethylnon,bridge,1,1,0,,0,0,99400,99400,641.0000000000007,641.0000000000007,100041,100041
3,15,insect,aphid,lindane,bridge,1,1,0,,0,0,99400,99400,641.0000000000007,641.0000000000007,100041,100041
3,15,insect,aphid,methidathion,bridge,1,1,0,,0,0,99400,99400,641.0000000000007,641.0000000000007,100041,100041
3,15,insect,aphid,noise-001,noise,0.1,0.1,0,,0,0,99400,99400,641.0000000000007,641.0000000000007,100041,100041
3,15,insect,aphid,noise-002,noise,0.1,0.1,0,,0,0,99400,99400,641.0000000000007,641.0000000000007,100041,100041
3,15,insect,aphid,noise-003,noise,0.1,0.1,0,,0,0,99400,99400,641.0000000000007,641.0000000000007,100041,100041
3,15,insect,aphid,noise-004,noise,0.1,0.1,0,,0,0,99400,99400,641.0000000000007,641.0000000000007,100041,100041
3,15,insect,aphid,noise-005,noise,0.1,0.1,0,,0,0,99400,99400,641.0000000000007,641.0000000000007,100041,100041
3,15,insect,aphid,noise-006,noise,0.1,0.1,0,,0,0,99400,99400,641.0000000000007,641.0000000000007,100041,100041
3,15,insect,aphid,noise-007,noise,0.1,0.1,0,,0,0,99400,99400,641.0000000000007,641.0000000000007,100041,100041
3,15,insect,aphid,noise-008,noise,0.1,0.1,0,,0,0,99400,99400,641.0000000000007,641.0000000000007,100041,100041
3,15,insect,aphid,noise-009,noise,0.1,0.1,0,,0,0,99400,99400,641.0000000000007,641.0000000000007,100041,100041
3,15,insect,aphid,noise-010,noise,0.1,0.1,0,,0,0,99400,99400,641.0000000000007,641.0000000000007,100041,100041
3,15,insect,aphid,noise-011,noise,0.1,0.1,0,,0,0,99400,99400,641.0000000000007,641.0000000000007,100041,100041
3,15,insect,aphid,noise-012,noise,0.1,0.1,0,,0,0,99400,99400,641.0000000000007,641.0000000000007,100041,100041
3,15,insect,aphid,noise-013,noise,0.1,0.1,0,,0,0,99400,99400,641.0000000000007,641.0000000000007,100041,100041
3,15,insect,aphid,noise-014,noise,0.1,0.1,0,,0,0,99400,99400,641.0000000000007,641.0000000000007,100041,100041
3,15,insect,aphid,noise-015,noise,0.1,0.1,0,,0,0,99400,99400,641.0000000000007,641.0000000000007,100041,100041
3,15,insect,aphid,noise-016,noise,0.1,0.1,0,,0,0,99400,99400,641.0000000000007,641.0000000000007,100041,100041
3,15,insect,aphid,noise-017,noise,0.1,0.1,0,,0,0,99400,99400,641.0000000000007,641.0000000000007,100041,100041
3,15,insect,aphid,noise-018,noise,0.1,0.1,0,,0,0,99400,99400,641.0000000000007,641.0000000000007,100041,100041
3,15,insect,aphid,noise-019,noise,0.1,0.1,0,,0,0,99400,99400,641.0000000000007,641.0000000000007,100041,100041
3,15,insect,aphid,noise-020,noise,0.1,0.1,0,,0,0,99400,99400,641.0000000000007,641.0000000000007,100041,100041
3,15,insect,aphid,noise-021,noise,0.1,0.1,0,,0,0,99400,99400,641.0000000000007,641.0000000000007,100041,100041
3,15,insect,aphid,noise-022,noise,0.1,0.1,0,,0,0,99400,99400,641.0000000000007,641.0000000000007,100041,100041
3,15,insect,aphid,noise-023,noise,0.1,0.1,0,,0,0,99400,99400,641.0000000000007,641.0000000000007,100041,100041
3,15,insect,aphid,noise-024,noise,0.1,0.1,0,,0,0,99400,99400,641.0000000000007,641.0000000000007,100041,100041
3,15,insect,aphid,noise-025,noise,0.1,0.1,0,,0,0,99400,99400,641.0000000000007,641.0000000000007,100041,100041
3,15,insect,aphid,noise-026,noise,0.1,0.1,0,,0,0,99400,99400,641.0000000000007,641.0000000000007,100041,100041
3,15,insect,aphid,noise-027,noise,0.1,0.1,0,,0,0,99400,99400,641.0000000000007,641.0000000000007,100041,100041
3,15,insect,aphid,noise-028,noise,0.1,0.1,0,,0,0,99400,99400,641.0000000000007,641.0000000000007,100041,100041
3,15,insect,aphid,noise-029,noise,0.1,0.1,0,,0,0,99400,99400,641.0000000000007,641.0000000000007,100041,100041
3,15,insect,aphid,noise-030,noise,0.1,0.1,0,,0,0,99400,99400,641.0000000000007,641.0000000000007,100041,100041
3,15,insect,aphid,spider,insect,124.62,201,1,3,1,0,99400,99400,641.0000000000007,641.0000000000007,100041,100041
3,15,insect,aphid,spider-hydramethylnon,insect,1,1,0,,0,0,99400,99400,641.0000000000007,641.0000000000007,100041,100041
3,15,insect,aphid,trichlorophenol,bridge,1,1,0,,0,0,99400,99400,641.0000000000007,641.0000000000007,100041,100041
4,20,insect,armyworm-fosmethilan,abamectin,bridge,77.38,1,1,6,0,1,99200,99200,841.0000000000007,841.0000000000007,100041,100041
4,20,insect,armyworm-fosmethilan,acetamiprid,bridge,77.38,1,1,7,0,1,99200,99200,841.0000000000007,841.0000000000007,100041,100041
4,20,insect,armyworm-fosmethilan,aconite,poison,1,1,1,12,0,0,99200,99200,841.0000000000007,841.0000000000007,100041,100041
4,20,insect,armyworm-fosmethilan,aflatoxin,poison,1,1,0,,0,0,99200,99200,841.0000000000007,841.0000000000007,100041,100041
4,20,insect,armyworm-fosmethilan,alachlor,bridge,77.38,1,1,5,0,1,99200,99200,841.0000000000007,841.0000000000007,100041,100041
4,20,insect,armyworm-fosmethilan,alcohol,poison,1,1,0,,0,0,99200,99200,841.0000000000007,841.0000000000007,100041,100041
4,20,insect,armyworm-fosmethilan,aldicarb,bridge,1,1,0,,0,0,99200,99200,841.0000000000007,841.0000000000007,100041,100041
4,20,insect,armyworm-fosmethilan,aldrin,bridge,1,1,1,9,0,0,99200,99200,841.0000000000007,841.0000000000007,100041,100041
4,20,insect,armyworm-fosmethilan,ammonia,poison,1,1,0,,0,0,99200,99200,841.0000000000007,841.0000000000007,100041,100041
4,20,insect,armyworm-fosmethilan,ant,insect,124.62,201,1,1,1,0,99200,99200,841.0000000000007,841.0000000000007,100041,100041
4,20,insect,armyworm-fosmethilan,aphid,insect,124.62,201,1,2,1,0,99200,99200,841.0000000000007,841.0000000000007,100041,100041
4,20,insect,armyworm-fosmethilan,aphid-fluvalinate,insect,1,1,0,,0,0,99200,99200,841.0000000000007,841.0000000000007,100041,100041
4,20,insect,armyworm-fosmethilan,armyworm-bendiocarb,insect,1,1,0,,0,0,99200,99200,841.0000000000007,841.0000000000007,100041,100041
4,20,insect,armyworm-fosmethilan,armyworm-ethion,insect,1,1,0,,0,0,99200,99200,841.0000000000007,841.0000000000007,100041,100041
4,20,insect,armyworm-fosmethilan,armyworm-fosmethilan,insect,124.62,201,1,4,1,0,99200,99200,841.0000000000007,841.0000000000007,100041,100041
4,20,insect,armyworm-fosmethilan,arsenic,poison,1,1,0,,0,0,99200,99200,841.0000000000007,841.0000000000007,100041,100041
4,20,insect,armyworm-fosmethilan,aspirin,poison,1,1,0,,0,0,99200,99200,841.0000000000007,841.0000000000007,100041,100041
4,20,insect,armyworm-fosmethilan,azoxystrobin,poison,1,1,0,,0,0,99200,99200,841.0000000000007,841.0000000000007,100041,100041
4,20,insect,armyworm-fosmethilan,beanpodborer,insect,1,1,0,,0,0,99200,99200,841.0000000000007,841.0000000000007,100041,100041
4,20,insect,armyworm-fosmethilan,beetwebworm,insect,1,1,0,,0,0,99200,99200,841.0000000000007,841.0000000000007,100041,100041
4,20,insect,armyworm-fosmethilan,benazolin,bridge,1,1,0,,0,0,99200,99200,841.0000000000007,841.0000000000007,100041,100041
4,20,insect,armyworm-fosmethilan,bendiocarb,bridge,1,1,0,,0,0,99200,99200,841.0000000000007,841.0000000000007,100041,100041
4,20,insect,armyworm-fosmethilan,botulinum,poison,1,1,0,,0,0,99200,99200,841.0000000000007,841.0000000000007,100041,100041
4,20,insect,armyworm-fosmethilan,diazinon,bridge,1,1,0,,0,0,99200,99200,841.0000000000007,841.0000000000007,100041,100041
4,20,insect,armyworm-fosmethilan,dichloropropene,bridge,1,1,0,,0,0,99200,99200,841.0000000000007,841.0000000000007,100041,100041
4,20,insect,armyworm-fosmethilan,dicofol,bridge,1,1,0,,0,0,99200,99200,841.0000000000007,841.0000000000007,100041,100041
4,20,insect,armyworm-fosmethilan,dinoseb,bridge,1,1,0,,0,0,99200,99200,841.0000000000007,841.0000000000007,100041,100041
4,20,insect,armyworm-fosmethilan,ethiofencarb,bridge,1,1,0,,0,0,99200,99200,841.0000000000007,841.0000000000007,100041,100041
4,20,insect,armyworm-fosmethilan,ethion,bridge,1,1,1,10,0,0,99200,99200,841.0000000000007,841.0000000000007,100041,100041
4,20,insect,armyworm-fosmethilan,fenson,bridge,1,1,1,11,0,0,99200,99200,841.0000000000007,841.0000000000007,100041,100041
4,20,insect,armyworm-fosmethilan,fluvalinate,bridge,1,1,0,,0,0,99200,99200,841.0000000000007,841.0000000000007,100041,100041
4,20,insect,armyworm-fosmethilan,fosmethilan,bridge,77.38,1,1,8,0,1,99200,99200,841.0000000000007,841.0000000000007,100041,100041
4,20,insect,armyworm-fosmethilan,hydramethylnon,bridge,1,1,0,,0,0,99200,99200,841.0000000000007,841.0000000000007,100041,100041
4,20,insect,armyworm-fosmethilan,lindane,bridge,1,1,0,,0,0,99200,99200,841.0000000000007,841.0000000000007,100041,100041
4,20,insect,armyworm-fosmethilan,methidathion,bridge,1,1,0,,0,0,99200,99200,841.0000000000007,841.0000000000007,100041,100041
4,20,insect,armyworm-fosmethilan,noise-001,noise,0.1,0.1,0,,0,0,99200,99200,841.0000000000007,841.0000000000007,100041,100041
4,20,insect,armyworm-fosmethilan,noise-002,noise,0.1,0.1,0,,0,0,99200,99200,841.0000000000007,841.0000000000007,100041,100041
4,20,insect,armyworm-fosmethilan,noise-003,noise,0.1,0.1,0,,0,0,99200,99200,841.0000000000007,841.0000000000007,100041,100041
4,20,insect,armyworm-fosmethilan,noise-004,noise,0.1,0.1,0,,0,0,99200,99200,841.0000000000007,841.0000000000007,100041,100041
4,20,insect,armyworm-fosmethilan,noise-005,noise,0.1,0.1,0,,0,0,99200,99200,841.0000000000007,841.0000000000007,100041,100041
4,20,insect,armyworm-fosmethilan,noise-006,noise,0.1,0.1,0,,0,0,99200,99200,841.0000000000007,841.0000000000007,100041,100041
4,20,insect,armyworm-fosmethilan,noise-007,noise,0.1,0.1,0,,0,0,99200,99200,841.0000000000007,841.0000000000007,100041,100041
4,20,insect,armyworm-fosmethilan,noise-008,noise,0.1,0.1,0,,0,0,99200,99200,841.0000000000007,841.0000000000007,100041,100041
4,20,insect,armyworm-fosmethilan,noise-009,noise,0.1,0.1,0,,0,0,99200,99200,841.0000000000007,841.0000000000007,100041,100041
4,20,insect,armyworm-fosmethilan,noise-010,noise,0.1,0.1,0,,0,0,99200,99200,841.0000000000007,841.0000000000007,100041,100041
4,20,insect,armyworm-fosmethilan,noise-011,noise,0.1,0.1,0,,0,0,99200,99200,841.0000000000007,841.0000000000007,100041,100041
4,20,insect,armyworm-fosmethilan,noise-012,noise,0.1,0.1,0,,0,0,99200,99200,841.0000000000007,841.0000000000007,100041,100041
4,20,insect,armyworm-fosmethilan,noise-013,noise,0.1,0.1,0,,0,0,99200,99200,841.0000000000007,841.0000000000007,100041,100041
4,20,insect,armyworm-fosmethilan,noise-014,noise,0.1,0.1,0,,0,0,99200,99200,841.0000000000007,841.0000000000007,100041,100041
4,20,insect,armyworm-fosmethilan,noise-015,noise,0.1,0.1,0,,0,0,99200,99200,841.0000000000007,841.0000000000007,100041,100041
4,20,insect,armyworm-fosmethilan,noise-016,noise,0.1,0.1,0,,0,0,99200,99200,841.0000000000007,841.0000000000007,100041,100041
4,20,insect,armyworm-fosmethilan,noise-017,noise,0.1,0.1,0,,0,0,99200,99200,841.0000000000007,841.0000000000007,100041,100041
4,20,insect,armyworm-fosmethilan,noise-018,noise,0.1,0.1,0,,0,0,99200,99200,841.0000000000007,841.0000000000007,100041,100041
4,20,insect,armyworm-fosmethilan,noise-019,noise,0.1,0.1,0,,0,0,99200,99200,841.0000000000007,841.0000000000007,100041,100041
4,20,insect,armyworm-fosmethilan,noise-020,noise,0.1,0.1,0,,0,0,99200,99200,841.0000000000007,841.0000000000007,100041,100041
4,20,insect,armyworm-fosmethilan,noise-021,noise,0.1,0.1,0,,0,0,99200,99200,841.0000000000007,841.0000000000007,100041,100041
4,20,insect,armyworm-fosmethilan,noise-022,noise,0.1,0.1,0,,0,0,99200,99200,841.0000000000007,841.0000000000007,100041,100041
4,20,insect,armyworm-fosmethilan,noise-023,noise,0.1,0.1,0,,0,0,99200,99200,841.0000000000007,841.0000000000007,100041,100041
4,20,insect,armyworm-fosmethilan,noise-024,noise,0.1,0.1,0,,0,0,99200,99200,841.0000000000007,841.0000000000007,100041,100041
4,20,insect,armyworm-fosmethilan,noise-025,noise,0.1,0.1,0,,0,0,99200,99200,841.0000000000007,841.0000000000007,100041,100041
4,20,insect,armyworm-fosmethilan,noise-026,noise,0.1,0.1,0,,0,0,99200,99200,841.0000000000007,841.0000000000007,100041,100041
4,20,insect,armyworm-fosmethilan,noise-027,noise,0.1,0.1,0,,0,0,99200,99200,841.0000000000007,841.0000000000007,100041,100041
4,20,insect,armyworm-fosmethilan,noise-028,noise,0.1,0.1,0,,0,0,99200,99200,841.0000000000007,841.0000000000007,100041,100041
4,20,insect,armyworm-fosmethilan,noise-029,noise,0.1,0.1,0,,0,0,99200,99200,841.0000000000007,841.0000000000007,100041,100041
4,20,insect,armyworm-fosmethilan,noise-030,noise,0.1,0.1,0,,0,0,99200,99200,841.0000000000007,841.0000000000007,100041,100041
4,20,insect,armyworm-fosmethilan,spider,insect,124.62,201,1,3,1,0,99200,99200,841.0000000000007,841.0000000000007,100041,100041
4,20,insect,armyworm-fosmethilan,spider-hydramethylnon,insect,1,1,0,,0,0,99200,99200,841.0000000000007,841.0000000000007,100041,100041
4,20,insect,armyworm-fosmethilan,trichlorophenol,bridge,1,1,0,,0,0,99200,99200,841.0000000000007,841.0000000000007,100041,100041
5,25,insect,beetwebworm,abamectin,bridge,77.38,1,1,8,0,1,99000,99000,1041.0000000000007,1041.0000000000007,100041,100041
5,25,insect,beetwebworm,acetamiprid,bridge,77.38,1,1,9,0,1,99000,99000,1041.0000000000007,1041.0000000000007,100041,100041
5,25,insect,beetwebworm,aconite,poison,1,1,0,,0,0,99000,99000,1041.0000000000007,1041.0000000000007,100041,100041
5,25,insect,beetwebworm,aflatoxin,poison,1,1,0,,0,0,99000,99000,1041.0000000000007,1041.0000000000007,100041,100041
5,25,insect,beetwebworm,alachlor,bridge,77.38,1,1,7,0,1,99000,99000,1041.0000000000007,1041.0000000000007,100041,100041
5,25,insect,beetwebworm,alcohol,poison,1,1,0,,0,0,99000,99000,1041.0000000000007,1041.0000000000007,100041,100041
5,25,insect,beetwebworm,aldicarb,bridge,1,1,0,,0,0,99000,99000,1041.0000000000007,1041.0000000000007,100041,100041
5,25,insect,beetwebworm,aldrin,bridge,1,1,1,11,0,0,99000,99000,1041.0000000000007,1041.0000000000007,100041,100041
5,25,insect,beetwebworm,ammonia,poison,1,1,0,,0,0,99000,99000,1041.0000000000007,1041.0000000000007,100041,100041
5,25,insect,beetwebworm,ant,insect,124.62,201,1,1,1,0,99000,99000,1041.0000000000007,1041.0000000000007,100041,100041
5,25,insect,beetwebworm,aphid,insect,124.62,201,1,2,1,0,99000,99000,1041.0000000000007,1041.0000000000007,100041,100041
5,25,insect,beetwebworm,aphid-fluvalinate,insect,1,1,0,,0,0,99000,99000,1041.0000000000007,1041.0000000000007,100041,100041
5,25,insect,beetwebworm,armyworm-bendiocarb,insect,1,1,0,,0,0,99000,99000,1041.0000000000007,1041.0000000000007,100041,100041
5,25,insect,beetwebworm,armyworm-ethion,insect,1,1,0,,0,0,99000,99000,1041.0000000000007,1041.0000000000007,100041,100041
5,25,insect,beetwebworm,armyworm-fosmethilan,insect,124.62,201,1,5,1,0,99000,99000,1041.0000000000007,1041.0000000000007,100041,100041
5,25,insect,beetwebworm,arsenic,poison,1,1,0,,0,0,99000,99000,1041.0000000000007,1041.0000000000007,100041,100041
5,25,insect,beetwebworm,aspirin,poison,1,1,0,,0,0,99000,99000,1041.0000000000007,1041.0000000000007,100041,100041
5,25,insect,beetwebworm,azoxystrobin,poison,1,1,0,,0,0,99000,99000,1041.0000000000007,1041.0000000000007,100041,100041
5,25,insect,beetwebworm,beanpodborer,insect,1,1,0,,0,0,99000,99000,1041.0000000000007,1041.0000000000007,100041,100041
5,25,insect,beetwebworm,beetwebworm,insect,124.62,201,1,4,1,0,99000,99000,1041.0000000000007,1041.0000000000007,100041,100041
5,25,insect,beetwebworm,benazolin,bridge,1,1,0,,0,0,99000,99000,1041.0000000000007,1041.0000000000007,100041,100041
5,25,insect,beetwebworm,bendiocarb,bridge,1,1,0,,0,0,99000,99000,1041.0000000000007,1041.0000000000007,100041,100041
5,25,insect,beetwebworm,botulinum,poison,1,1,0,,0,0,99000,99000,1041.0000000000007,1041.0000000000007,100041,100041
5,25,insect,beetwebworm,diazinon,bridge,1,1,0,,0,0,99000,99000,1041.0000000000007,1041.0000000000007,100041,100041
5,25,insect,beetwebworm,dichloropropene,bridge,1,1,0,,0,0,99000,99000,1041.0000000000007,1041.0000000000007,100041,100041
5,25,insect,beetwebworm,dicofol,bridge,1,1,0,,0,0,99000,99000,1041.0000000000007,1041.0000000000007,100041,100041
5,25,insect,beetwebworm,dinoseb,bridge,1,1,0,,0,0,99000,99000,1041.0000000000007,1041.0000000000007,100041,100041
5,25,insect,beetwebworm,ethiofencarb,bridge,1,1,0,,0,0,99000,99000,1041.0000000000007,1041.0000000000007,100041,100041
5,25,insect,beetwebworm,ethion,bridge,1,1,1,12,0,0,99000,99000,1041.0000000000007,1041.0000000000007,100041,100041
5,25,insect,beetwebworm,fenson,bridge,77.38,1,1,6,0,1,99000,99000,1041.0000000000007,1041.0000000000007,100041,100041
5,25,insect,beetwebworm,fluvalinate,bridge,1,1,0,,0,0,99000,99000,1041.0000000000007,1041.0000000000007,100041,100041
5,25,insect,beetwebworm,fosmethilan,bridge,77.38,1,1,10,0,1,99000,99000,1041.0000000000007,1041.0000000000007,100041,100041
5,25,insect,beetwebworm,hydramethylnon,bridge,1,1,0,,0,0,99000,99000,1041.0000000000007,1041.0000000000007,100041,100041
5,25,insect,beetwebworm,lindane,bridge,1,1,0,,0,0,99000,99000,1041.0000000000007,1041.0000000000007,100041,100041
5,25,insect,beetwebworm,methidathion,bridge,1,1,0,,0,0,99000,99000,1041.0000000000007,1041.0000000000007,100041,100041
5,25,insect,beetwebworm,noise-001,noise,0.1,0.1,0,,0,0,99000,99000,1041.0000000000007,1041.0000000000007,100041,100041
5,25,insect,beetwebworm,noise-002,noise,0.1,0.1,0,,0,0,99000,99000,1041.0000000000007,1041.0000000000007,100041,100041
5,25,insect,beetwebworm,noise-003,noise,0.1,0.1,0,,0,0,99000,99000,1041.0000000000007,1041.0000000000007,100041,100041
5,25,insect,beetwebworm,noise-004,noise,0.1,0.1,0,,0,0,99000,99000,1041.0000000000007,1041.0000000000007,100041,100041
5,25,insect,beetwebworm,noise-005,noise,0.1,0.1,0,,0,0,99000,99000,1041.0000000000007,1041.0000000000007,100041,100041
5,25,insect,beetwebworm,noise-006,noise,0.1,0.1,0,,0,0,99000,99000,1041.0000000000007,1041.0000000000007,100041,100041
5,25,insect,beetwebworm,noise-007,noise,0.1,0.1,0,,0,0,99000,99000,1041.0000000000007,1041.0000000000007,100041,100041
5,25,insect,beetwebworm,noise-008,noise,0.1,0.1,0,,0,0,99000,99000,1041.0000000000007,1041.0000000000007,100041,100041
5,25,insect,beetwebworm,noise-009,noise,0.1,0.1,0,,0,0,99000,99000,1041.0000000000007,1041.0000000000007,100041,100041
5,25,insect,beetwebworm,noise-010,noise,0.1,0.1,0,,0,0,99000,99000,1041.0000000000007,1041.0000000000007,100041,100041
5,25,insect,beetwebworm,noise-011,noise,0.1,0.1,0,,0,0,99000,99000,1041.0000000000007,1041.0000000000007,100041,100041
5,25,insect,beetwebworm,noise-012,noise,0.1,0.1,0,,0,0,99000,99000,1041.0000000000007,1041.0000000000007,100041,100041
5,25,insect,beetwebworm,noise-013,noise,0.1,0.1,0,,0,0,99000,99000,1041.0000000000007,1041.0000000000007,100041,100041
5,25,insect,beetwebworm,noise-014,noise,0.1,0.1,0,,0,0,99000,99000,1041.0000000000007,1041.0000000000007,100041,100041
5,25,insect,beetwebworm,noise-015,noise,0.1,0.1,0,,0,0,99000,99000,1041.0000000000007,1041.0000000000007,100041,100041
5,25,insect,beetwebworm,noise-016,noise,0.1,0.1,0,,0,0,99000,99000,1041.0000000000007,1041.0000000000007,100041,100041
5,25,insect,beetwebworm,noise-017,noise,0.1,0.1,0,,0,0,99000,99000,1041.0000000000007,1041.0000000000007,100041,100041
5,25,insect,beetwebworm,noise-018,noise,0.1,0.1,0,,0,0,99000,99000,1041.0000000000007,1041.0000000000007,100041,100041
5,25,insect,beetwebworm,noise-019,noise,0.1,0.1,0,,0,0,99000,99000,1041.0000000000007,1041.0000000000007,100041,100041
5,25,insect,beetwebworm,noise-020,noise,0.1,0.1,0,,0,0,99000,99000,1041.0000000000007,1041.0000000000007,100041,100041
5,25,insect,beetwebworm,noise-021,noise,0.1,0.1,0,,0,0,99000,99000,1041.0000000000007,1041.0000000000007,100041,100041
5,25,insect,beetwebworm,noise-022,noise,0.1,0.1,0,,0,0,99000,99000,1041.0000000000007,1041.0000000000007,100041,100041
5,25,insect,beetwebworm,noise-023,noise,0.1,0.1,0,,0,0,99000,99000,1041.0000000000007,1041.0000000000007,100041,100041
5,25,insect,beetwebworm,noise-024,noise,0.1,0.1,0,,0,0,99000,99000,1041.0000000000007,1041.0000000000007,100041,100041
5,25,insect,beetwebworm,noise-025,noise,0.1,0.1,0,,0,0,99000,99000,1041.0000000000007,1041.0000000000007,100041,100041
5,25,insect,beetwebworm,noise-026,noise,0.1,0.1,0,,0,0,99000,99000,1041.0000000000007,1041.0000000000007,100041,100041
5,25,insect,beetwebworm,noise-027,noise,0.1,0.1,0,,0,0,99000,99000,1041.0000000000007,1041.0000000000007,100041,100041
5,25,insect,beetwebworm,noise-028,noise,0.1,0.1,0,,0,0,99000,99000,1041.0000000000007,1041.0000000000007,100041,100041
5,25,insect,beetwebworm,noise-029,noise,0.1,0.1,0,,0,0,99000,99000,1041.0000000000007,1041.0000000000007,100041,100041
5,25,insect,beetwebworm,noise-030,noise,0.1,0.1,0,,0,0,99000,99000,1041.0000000000007,1041.0000000000007,100041,100041
5,25,insect,beetwebworm,spider,insect,124.62,201,1,3,1,0,99000,99000,1041.0000000000007,1041.0000000000007,100041,100041
5,25,insect,beetwebworm,spider-hydramethylnon,insect,1,1,0,,0,0,99000,99000,1041.0000000000007,1041.0000000000007,100041,100041
5,25,insect,beetwebworm,trichlorophenol,bridge,1,1,0,,0,0,99000,99000,1041.0000000000007,1041.0000000000007,100041,100041
6,30,insect,armyworm-ethion,abamectin,bridge,77.38,1,1,10,0,1,98800,98800,1240.9999999999973,1240.9999999999973,100041,100041
6,30,insect,armyworm-ethion,acetamiprid,bridge,77.38,1,1,11,0,1,98800,98800,1240.9999999999973,1240.9999999999973,100041,100041
6,30,insect,armyworm-ethion,aconite,poison,1,1,0,,0,0,98800,98800,1240.9999999999973,1240.9999999999973,100041,100041
6,30,insect,armyworm-ethion,aflatoxin,poison,1,1,0,,0,0,98800,98800,1240.9999999999973,1240.9999999999973,100041,100041
6,30,insect,armyworm-ethion,alachlor,bridge,77.38,1,1,9,0,1,98800,98800,1240.9999999999973,1240.9999999999973,100041,100041
6,30,insect,armyworm-ethion,alcohol,poison,1,1,0,,0,0,98800,98800,1240.9999999999973,1240.9999999999973,100041,100041
6,30,insect,armyworm-ethion,aldicarb,bridge,1,1,0,,0,0,98800,98800,1240.9999999999973,1240.9999999999973,100041,100041
6,30,insect,armyworm-ethion,aldrin,bridge,1,1,0,,0,0,98800,98800,1240.9999999999973,1240.9999999999973,100041,100041
6,30,insect,armyworm-ethion,ammonia,poison,1,1,0,,0,0,98800,98800,1240.9999999999973,1240.9999999999973,100041,100041
6,30,insect,armyworm-ethion,ant,insect,124.62,201,1,1,1,0,98800,98800,1240.9999999999973,1240.9999999999973,100041,100041
6,30,insect,armyworm-ethion,aphid,insect,124.62,201,1,2,1,0,98800,98800,1240.9999999999973,1240.9999999999973,100041,100041
6,30,insect,armyworm-ethion,aphid-fluvalinate,insect,1,1,0,,0,0,98800,98800,1240.9999999999973,1240.9999999999973,100041,100041
6,30,insect,armyworm-ethion,armyworm-bendiocarb,insect,1,1,0,,0,0,98800,98800,1240.9999999999973,1240.9999999999973,100041,100041
6,30,insect,armyworm-ethion,armyworm-ethion,insect,124.62,201,1,5,1,0,98800,98800,1240.9999999999973,1240.9999999999973,100041,100041
6,30,insect,armyworm-ethion,armyworm-fosmethilan,insect,124.62,201,1,6,1,0,98800,98800,1240.9999999999973,1240.9999999999973,100041,100041
6,30,insect,armyworm-ethion,arsenic,poison,1,1,0,,0,0,98800,98800,1240.9999999999973,1240.9999999999973,100041,100041
6,30,insect,armyworm-ethion,aspirin,poison,1,1,0,,0,0,98800,98800,1240.9999999999973,1240.9999999999973,100041,100041
6,30,insect,armyworm-ethion,azoxystrobin,poison,1,1,0,,0,0,98800,98800,1240.9999999999973,1240.9999999999973,100041,100041
6,30,insect,armyworm-ethion,beanpodborer,insect,1,1,0,,0,0,98800,98800,1240.9999999999973,1240.9999999999973,100041,100041
6,30,insect,armyworm-ethion,beetwebworm,insect,124.62,201,1,4,1,0,98800,98800,1240.9999999999973,1240.9999999999973,100041,100041
6,30,insect,armyworm-ethion,benazolin,bridge,1,1,0,,0,0,98800,98800,1240.9999999999973,1240.9999999999973,100041,100041
6,30,insect,armyworm-ethion,bendiocarb,bridge,1,1,0,,0,0,98800,98800,1240.9999999999973,1240.9999999999973,100041,100041
6,30,insect,armyworm-ethion,botulinum,poison,1,1,0,,0,0,98800,98800,1240.9999999999973,1240.9999999999973,100041,100041
6,30,insect,armyworm-ethion,diazinon,bridge,1,1,0,,0,0,98800,98800,1240.9999999999973,1240.9999999999973,100041,100041
6,30,insect,armyworm-ethion,dichloropropene,bridge,1,1,0,,0,0,98800,98800,1240.9999999999973,1240.9999999999973,100041,100041
6,30,insect,armyworm-ethion,dicofol,bridge,1,1,0,,0,0,98800,98800,1240.9999999999973,1240.9999999999973,100041,100041
6,30,insect,armyworm-ethion,dinoseb,bridge,1,1,0,,0,0,98800,98800,1240.9999999999973,1240.9999999999973,100041,100041
6,30,insect,armyworm-ethion,ethiofencarb,bridge,1,1,0,,0,0,98800,98800,1240.9999999999973,1240.9999999999973,100041,100041
6,30,insect,armyworm-ethion,ethion,bridge,77.38,1,1,7,0,1,98800,98800,1240.9999999999973,1240.9999999999973,100041,100041
6,30,insect,armyworm-ethion,fenson,bridge,77.38,1,1,8,0,1,98800,98800,1240.9999999999973,1240.9999999999973,100041,100041
6,30,insect,armyworm-ethion,fluvalinate,bridge,1,1,0,,0,0,98800,98800,1240.9999999999973,1240.9999999999973,100041,100041
6,30,insect,armyworm-ethion,fosmethilan,bridge,77.38,1,1,12,0,1,98800,98800,1240.9999999999973,1240.9999999999973,100041,100041
6,30,insect,armyworm-ethion,hydramethylnon,bridge,1,1,0,,0,0,98800,98800,1240.9999999999973,1240.9999999999973,100041,100041
6,30,insect,armyworm-ethion,lindane,bridge,1,1,0,,0,0,98800,98800,1240.9999999999973,1240.9999999999973,100041,100041
6,30,insect,armyworm-ethion,methidathion,bridge,1,1,0,,0,0,98800,98800,1240.9999999999973,1240.9999999999973,100041,100041
6,30,insect,armyworm-ethion,noise-001,noise,0.1,0.1,0,,0,0,98800,98800,1240.9999999999973,1240.9999999999973,100041,100041
6,30,insect,armyworm-ethion,noise-002,noise,0.1,0.1,0,,0,0,98800,98800,1240.9999999999973,1240.9999999999973,100041,100041
6,30,insect,armyworm-ethion,noise-003,noise,0.1,0.1,0,,0,0,98800,98800,1240.9999999999973,1240.9999999999973,100041,100041
6,30,insect,armyworm-ethion,noise-004,noise,0.1,0.1,0,,0,0,98800,98800,1240.9999999999973,1240.9999999999973,100041,100041
6,30,insect,armyworm-ethion,noise-005,noise,0.1,0.1,0,,0,0,98800,98800,1240.9999999999973,1240.9999999999973,100041,100041
6,30,insect,armyworm-ethion,noise-006,noise,0.1,0.1,0,,0,0,98800,98800,1240.9999999999973,1240.9999999999973,100041,100041
6,30,insect,armyworm-ethion,noise-007,noise,0.1,0.1,0,,0,0,98800,98800,1240.9999999999973,1240.9999999999973,100041,100041
6,30,insect,armyworm-ethion,noise-008,noise,0.1,0.1,0,,0,0,98800,98800,1240.9999999999973,1240.9999999999973,100041,100041
6,30,insect,armyworm-ethion,noise-009,noise,0.1,0.1,0,,0,0,98800,98800,1240.9999999999973,1240.9999999999973,100041,100041
6,30,insect,armyworm-ethion,noise-010,noise,0.1,0.1,0,,0,0,98800,98800,1240.9999999999973,1240.9999999999973,100041,100041
6,30,insect,armyworm-ethion,noise-011,noise,0.1,0.1,0,,0,0,98800,98800,1240.9999999999973,1240.9999999999973,100041,100041
6,30,insect,armyworm-ethion,noise-012,noise,0.1,0.1,0,,0,0,98800,98800,1240.9999999999973,1240.9999999999973,100041,100041
6,30,insect,armyworm-ethion,noise-013,noise,0.1,0.1,0,,0,0,98800,98800,1240.9999999999973,1240.9999999999973,100041,100041
6,30,insect,armyworm-ethion,noise-014,noise,0.1,0.1,0,,0,0,98800,98800,1240.9999999999973,1240.9999999999973,100041,100041
6,30,insect,armyworm-ethion,noise-015,noise,0.1,0.1,0,,0,0,98800,98800,1240.9999999999973,1240.9999999999973,100041,100041
6,30,insect,armyworm-ethion,noise-016,noise,0.1,0.1,0,,0,0,98800,98800,1240.9999999999973,1240.9999999999973,100041,100041
6,30,insect,armyworm-ethion,noise-017,noise,0.1,0.1,0,,0,0,98800,98800,1240.9999999999973,1240.9999999999973,100041,100041
6,30,insect,armyworm-ethion,noise-018,noise,0.1,0.1,0,,0,0,98800,98800,1240.9999999999973,1240.9999999999973,100041,100041
6,30,insect,armyworm-ethion,noise-019,noise,0.1,0.1,0,,0,0,98800,98800,1240.9999999999973,1240.9999999999973,100041,100041
6,30,insect,armyworm-ethion,noise-020,noise,0.1,0.1,0,,0,0,98800,98800,1240.9999999999973,1240.9999999999973,100041,100041
6,30,insect,armyworm-ethion,noise-021,noise,0.1,0.1,0,,0,0,98800,98800,1240.9999999999973,1240.9999999999973,100041,100041
6,30,insect,armyworm-ethion,noise-022,noise,0.1,0.1,0,,0,0,98800,98800,1240.9999999999973,1240.9999999999973,100041,100041
6,30,insect,armyworm-ethion,noise-023,noise,0.1,0.1,0,,0,0,98800,98800,1240.9999999999973,1240.9999999999973,100041,100041
6,30,insect,armyworm-ethion,noise-024,noise,0.1,0.1,0,,0,0,98800,98800,1240.9999999999973,1240.9999999999973,100041,100041
6,30,insect,armyworm-ethion,noise-025,noise,0.1,0.1,0,,0,0,98800,98800,1240.9999999999973,1240.9999999999973,100041,100041
6,30,insect,armyworm-ethion,noise-026,noise,0.1,0.1,0,,0,0,98800,98800,1240.9999999999973,1240.9999999999973,100041,100041
6,30,insect,armyworm-ethion,noise-027,noise,0.1,0.1,0,,0,0,98800,98800,1240.9999999999973,1240.9999999999973,100041,100041
6,30,insect,armyworm-ethion,noise-028,noise,0.1,0.1,0,,0,0,98800,98800,1240.9999999999973,1240.9999999999973,100041,100041
6,30,insect,armyworm-ethion,noise-029,noise,0.1,0.1,0,,0,0,98800,98800,1240.9999999999973,1240.9999999999973,100041,100041
6,30,insect,armyworm-ethion,noise-030,noise,0.1,0.1,0,,0,0,98800,98800,1240.9999999999973,1240.9999999999973,100041,100041
6,30,insect,armyworm-ethion,spider,insect,124.62,201,1,3,1,0,98800,98800,1240.9999999999973,1240.9999999999973,100041,100041
6,30,insect,armyworm-ethion,spider-hydramethylnon,insect,1,1,0,,0,0,98800,98800,1240.9999999999973,1240.9999999999973,100041,100041
6,30,insect,armyworm-ethion,trichlorophenol,bridge,1,1,0,,0,0,98800,98800,1240.9999999999973,1240.9999999999973,100041,100041
7,35,insect,beanpodborer,abamectin,bridge,77.38,1,1,12,0,1,98600,98600,1440.9999999999973,1440.9999999999973,100041,100041
7,35,insect,beanpodborer,acetamiprid,bridge,77.38,1,0,,0,1,98600,98600,1440.9999999999973,1440.9999999999973,100041,100041
7,35,insect,beanpodborer,aconite,poison,1,1,0,,0,0,98600,98600,1440.9999999999973,1440.9999999999973,100041,100041
7,35,insect,beanpodborer,aflatoxin,poison,1,1,0,,0,0,98600,98600,1440.9999999999973,1440.9999999999973,100041,100041
7,35,insect,beanpodborer,alachlor,bridge,77.38,1,1,11,0,1,98600,98600,1440.9999999999973,1440.9999999999973,100041,100041
7,35,insect,beanpodborer,alcohol,poison,1,1,0,,0,0,98600,98600,1440.9999999999973,1440.9999999999973,100041,100041
7,35,insect,beanpodborer,aldicarb,bridge,1,1,0,,0,0,98600,98600,1440.9999999999973,1440.9999999999973,100041,100041
7,35,insect,beanpodborer,aldrin,bridge,1,1,0,,0,0,98600,98600,1440.9999999999973,1440.9999999999973,100041,100041
7,35,insect,beanpodborer,ammonia,poison,1,1,0,,0,0,98600,98600,1440.9999999999973,1440.9999999999973,100041,100041
7,35,insect,beanpodborer,ant,insect,124.62,201,1,1,1,0,98600,98600,1440.9999999999973,1440.9999999999973,100041,100041
7,35,insect,beanpodborer,aphid,insect,124.62,201,1,2,1,0,98600,98600,1440.9999999999973,1440.9999999999973,100041,100041
7,35,insect,beanpodborer,aphid-fluvalinate,insect,1,1,0,,0,0,98600,98600,1440.9999999999973,1440.9999999999973,100041,100041
7,35,insect,beanpodborer,armyworm-bendiocarb,insect,1,1,0,,0,0,98600,98600,1440.9999999999973,1440.9999999999973,100041,100041
7,35,insect,beanpodborer,armyworm-ethion,insect,124.62,201,1,6,1,0,98600,98600,1440.9999999999973,1440.9999999999973,100041,100041
7,35,insect,beanpodborer,armyworm-fosmethilan,insect,124.62,201,1,7,1,0,98600,98600,1440.9999999999973,1440.9999999999973,100041,100041
7,35,insect,beanpodborer,arsenic,poison,1,1,0,,0,0,98600,98600,1440.9999999999973,1440.9999999999973,100041,100041
7,35,insect,beanpodborer,aspirin,poison,1,1,0,,0,0,98600,98600,1440.9999999999973,1440.9999999999973,100041,100041
7,35,insect,beanpodborer,azoxystrobin,poison,1,1,0,,0,0,98600,98600,1440.9999999999973,1440.9999999999973,100041,100041
7,35,insect,beanpodborer,beanpodborer,insect,124.62,201,1,5,1,0,98600,98600,1440.9999999999973,1440.9999999999973,100041,100041
7,35,insect,beanpodborer,beetwebworm,insect,124.62,201,1,4,1,0,98600,98600,1440.9999999999973,1440.9999999999973,100041,100041
7,35,insect,beanpodborer,benazolin,bridge,1,1,0,,0,0,98600,98600,1440.9999999999973,1440.9999999999973,100041,100041
7,35,insect,beanpodborer,bendiocarb,bridge,1,1,0,,0,0,98600,98600,1440.9999999999973,1440.9999999999973,100041,100041
7,35,insect,beanpodborer,botulinum,poison,1,1,0,,0,0,98600,98600,1440.9999999999973,1440.9999999999973,100041,100041
7,35,insect,beanpodborer,diazinon,bridge,1,1,0,,0,0,98600,98600,1440.9999999999973,1440.9999999999973,100041,100041
7,35,insect,beanpodborer,dichloropropene,bridge,1,1,0,,0,0,98600,98600,1440.9999999999973,1440.9999999999973,100041,100041
7,35,insect,beanpodborer,dicofol,bridge,1,1,0,,0,0,98600,98600,1440.9999999999973,1440.9999999999973,100041,100041
7,35,insect,beanpodborer,dinoseb,bridge,1,1,0,,0,0,98600,98600,1440.9999999999973,1440.9999999999973,100041,100041
7,35,insect,beanpodborer,ethiofencarb,bridge,1,1,0,,0,0,98600,98600,1440.9999999999973,1440.9999999999973,100041,100041
7,35,insect,beanpodborer,ethion,bridge,77.38,1,1,8,0,1,98600,98600,1440.9999999999973,1440.9999999999973,100041,100041
7,35,insect,beanpodborer,fenson,bridge,77.38,1,1,9,0,1,98600,98600,1440.9999999999973,1440.9999999999973,100041,100041
7,35,insect,beanpodborer,fluvalinate,bridge,1,1,0,,0,0,98600,98600,1440.9999999999973,1440.9999999999973,100041,100041
7,35,insect,beanpodborer,fosmethilan,bridge,77.38,1,0,,0,1,98600,98600,1440.9999999999973,1440.9999999999973,100041,100041
7,35,insect,beanpodborer,hydramethylnon,bridge,1,1,0,,0,0,98600,98600,1440.9999999999973,1440.9999999999973,100041,100041
7,35,insect,beanpodborer,lindane,bridge,77.38,1,1,10,0,1,98600,98600,1440.9999999999973,1440.9999999999973,100041,100041
7,35,insect,beanpodborer,methidathion,bridge,1,1,0,,0,0,98600,98600,1440.9999999999973,1440.9999999999973,100041,100041
7,35,insect,beanpodborer,noise-001,noise,0.1,0.1,0,,0,0,98600,98600,1440.9999999999973,1440.9999999999973,100041,100041
7,35,insect,beanpodborer,noise-002,noise,0.1,0.1,0,,0,0,98600,98600,1440.9999999999973,1440.9999999999973,100041,100041
7,35,insect,beanpodborer,noise-003,noise,0.1,0.1,0,,0,0,98600,98600,1440.9999999999973,1440.9999999999973,100041,100041
7,35,insect,beanpodborer,noise-004,noise,0.1,0.1,0,,0,0,98600,98600,1440.9999999999973,1440.9999999999973,100041,100041
7,35,insect,beanpodborer,noise-005,noise,0.1,0.1,0,,0,0,98600,98600,1440.9999999999973,1440.9999999999973,100041,100041
7,35,insect,beanpodborer,noise-006,noise,0.1,0.1,0,,0,0,98600,98600,1440.9999999999973,1440.9999999999973,100041,100041
7,35,insect,beanpodborer,noise-007,noise,0.1,0.1,0,,0,0,98600,98600,1440.9999999999973,1440.9999999999973,100041,100041
7,35,insect,beanpodborer,noise-008,noise,0.1,0.1,0,,0,0,98600,98600,1440.9999999999973,1440.9999999999973,100041,100041
7,35,insect,beanpodborer,noise-009,noise,0.1,0.1,0,,0,0,98600,98600,1440.9999999999973,1440.9999999999973,100041,100041
7,35,insect,beanpodborer,noise-010,noise,0.1,0.1,0,,0,0,98600,98600,1440.9999999999973,1440.9999999999973,100041,100041
7,35,insect,beanpodborer,noise-011,noise,0.1,0.1,0,,0,0,98600,98600,1440.9999999999973,1440.9999999999973,100041,100041
7,35,insect,beanpodborer,noise-012,noise,0.1,0.1,0,,0,0,98600,98600,1440.9999999999973,1440.9999999999973,100041,100041
7,35,insect,beanpodborer,noise-013,noise,0.1,0.1,0,,0,0,98600,98600,1440.9999999999973,1440.9999999999973,100041,100041
7,35,insect,beanpodborer,noise-014,noise,0.1,0.1,0,,0,0,98600,98600,1440.9999999999973,1440.9999999999973,100041,100041
7,35,insect,beanpodborer,noise-015,noise,0.1,0.1,0,,0,0,98600,98600,1440.9999999999973,1440.9999999999973,100041,100041
7,35,insect,beanpodborer,noise-016,noise,0.1,0.1,0,,0,0,98600,98600,1440.9999999999973,1440.9999999999973,100041,100041
7,35,insect,beanpodborer,noise-017,noise,0.1,0.1,0,,0,0,98600,98600,1440.9999999999973,1440.9999999999973,100041,100041
7,35,insect,beanpodborer,noise-018,noise,0.1,0.1,0,,0,0,98600,98600,1440.9999999999973,1440.9999999999973,100041,100041
7,35,insect,beanpodborer,noise-019,noise,0.1,0.1,0,,0,0,98600,98600,1440.9999999999973,1440.9999999999973,100041,100041
7,35,insect,beanpodborer,noise-020,noise,0.1,0.1,0,,0,0,98600,98600,1440.9999999999973,1440.9999999999973,100041,100041
7,35,insect,beanpodborer,noise-021,noise,0.1,0.1,0,,0,0,98600,98600,1440.9999999999973,1440.9999999999973,100041,100041
7,35,insect,beanpodborer,noise-022,noise,0.1,0.1,0,,0,0,98600,98600,1440.9999999999973,1440.9999999999973,100041,100041
7,35,insect,beanpodborer,noise-023,noise,0.1,0.1,0,,0,0,98600,98600,1440.9999999999973,1440.9999999999973,100041,100041
7,35,insect,beanpodborer,noise-024,noise,0.1,0.1,0,,0,0,98600,98600,1440.9999999999973,1440.9999999999973,100041,100041
7,35,insect,beanpodborer,noise-025,noise,0.1,0.1,0,,0,0,98600,98600,1440.9999999999973,1440.9999999999973,100041,100041
7,35,insect,beanpodborer,noise-026,noise,0.1,0.1,0,,0,0,98600,98600,1440.9999999999973,1440.9999999999973,100041,100041
7,35,insect,beanpodborer,noise-027,noise,0.1,0.1,0,,0,0,98600,98600,1440.9999999999973,1440.9999999999973,100041,100041
7,35,insect,beanpodborer,noise-028,noise,0.1,0.1,0,,0,0,98600,98600,1440.9999999999973,1440.9999999999973,100041,100041
7,35,insect,beanpodborer,noise-029,noise,0.1,0.1,0,,0,0,98600,98600,1440.9999999999973,1440.9999999999973,100041,100041
7,35,insect,beanpodborer,noise-030,noise,0.1,0.1,0,,0,0,98600,98600,1440.9999999999973,1440.9999999999973,100041,100041
7,35,insect,beanpodborer,spider,insect,124.62,201,1,3,1,0,98600,98600,1440.9999999999973,1440.9999999999973,100041,100041
7,35,insect,beanpodborer,spider-hydramethylnon,insect,1,1,0,,0,0,98600,98600,1440.9999999999973,1440.9999999999973,100041,100041
7,35,insect,beanpodborer,trichlorophenol,bridge,1,1,0,,0,0,98600,98600,1440.9999999999973,1440.9999999999973,100041,100041
8,40,insect,aphid-fluvalinate,abamectin,bridge,77.38,1,0,,0,1,98400,98400,1640.9999999999977,1640.9999999999973,100041,100041
8,40,insect,aphid-fluvalinate,acetamiprid,bridge,77.38,1,0,,0,1,98400,98400,1640.9999999999977,1640.9999999999973,100041,100041
8,40,insect,aphid-fluvalinate,aconite,poison,1,1,0,,0,0,98400,98400,1640.9999999999977,1640.9999999999973,100041,100041
8,40,insect,aphid-fluvalinate,aflatoxin,poison,1,1,0,,0,0,98400,98400,1640.9999999999977,1640.9999999999973,100041,100041
8,40,insect,aphid-fluvalinate,alachlor,bridge,77.38,1,1,12,0,1,98400,98400,1640.9999999999977,1640.9999999999973,100041,100041
8,40,insect,aphid-fluvalinate,alcohol,poison,1,1,0,,0,0,98400,98400,1640.9999999999977,1640.9999999999973,100041,100041
8,40,insect,aphid-fluvalinate,aldicarb,bridge,1,1,0,,0,0,98400,98400,1640.9999999999977,1640.9999999999973,100041,100041
8,40,insect,aphid-fluvalinate,aldrin,bridge,1,1,0,,0,0,98400,98400,1640.9999999999977,1640.9999999999973,100041,100041
8,40,insect,aphid-fluvalinate,ammonia,poison,1,1,0,,0,0,98400,98400,1640.9999999999977,1640.9999999999973,100041,100041
8,40,insect,aphid-fluvalinate,ant,insect,124.62,201,1,1,1,0,98400,98400,1640.9999999999977,1640.9999999999973,100041,100041
8,40,insect,aphid-fluvalinate,aphid,insect,124.62,201,1,2,1,0,98400,98400,1640.9999999999977,1640.9999999999973,100041,100041
8,40,insect,aphid-fluvalinate,aphid-fluvalinate,insect,124.62,201,1,7,1,0,98400,98400,1640.9999999999977,1640.9999999999973,100041,100041
8,40,insect,aphid-fluvalinate,armyworm-bendiocarb,insect,1,1,0,,0,0,98400,98400,1640.9999999999977,1640.9999999999973,100041,100041
8,40,insect,aphid-fluvalinate,armyworm-ethion,insect,124.62,201,1,6,1,0,98400,98400,1640.9999999999977,1640.9999999999973,100041,100041
8,40,insect,aphid-fluvalinate,armyworm-fosmethilan,insect,124.62,201,1,8,1,0,98400,98400,1640.9999999999977,1640.9999999999973,100041,100041
8,40,insect,aphid-fluvalinate,arsenic,poison,1,1,0,,0,0,98400,98400,1640.9999999999977,1640.9999999999973,100041,100041
8,40,insect,aphid-fluvalinate,aspirin,poison,1,1,0,,0,0,98400,98400,1640.9999999999977,1640.9999999999973,100041,100041
8,40,insect,aphid-fluvalinate,azoxystrobin,poison,1,1,0,,0,0,98400,98400,1640.9999999999977,1640.9999999999973,100041,100041
8,40,insect,aphid-fluvalinate,beanpodborer,insect,124.62,201,1,5,1,0,98400,98400,1640.9999999999977,1640.9999999999973,100041,100041
8,40,insect,aphid-fluvalinate,beetwebworm,insect,124.62,201,1,4,1,0,98400,98400,1640.9999999999977,1640.9999999999973,100041,100041
8,40,insect,aphid-fluvalinate,benazolin,bridge,1,1,0,,0,0,98400,98400,1640.9999999999977,1640.9999999999973,100041,100041
8,40,insect,aphid-fluvalinate,bendiocarb,bridge,1,1,0,,0,0,98400,98400,1640.9999999999977,1640.9999999999973,100041,100041
8,40,insect,aphid-fluvalinate,botulinum,poison,1,1,0,,0,0,98400,98400,1640.9999999999977,1640.9999999999973,100041,100041
8,40,insect,aphid-fluvalinate,diazinon,bridge,1,1,0,,0,0,98400,98400,1640.9999999999977,1640.9999999999973,100041,100041
8,40,insect,aphid-fluvalinate,dichloropropene,bridge,1,1,0,,0,0,98400,98400,1640.9999999999977,1640.9999999999973,100041,100041
8,40,insect,aphid-fluvalinate,dicofol,bridge,1,1,0,,0,0,98400,98400,1640.9999999999977,1640.9999999999973,100041,100041
8,40,insect,aphid-fluvalinate,dinoseb,bridge,1,1,0,,0,0,98400,98400,1640.9999999999977,1640.9999999999973,100041,100041
8,40,insect,aphid-fluvalinate,ethiofencarb,bridge,1,1,0,,0,0,98400,98400,1640.9999999999977,1640.9999999999973,100041,100041
8,40,insect,aphid-fluvalinate,ethion,bridge,77.38,1,1,9,0,1,98400,98400,1640.9999999999977,1640.9999999999973,100041,100041
8,40,insect,aphid-fluvalinate,fenson,bridge,77.38,1,1,10,0,1,98400,98400,1640.9999999999977,1640.9999999999973,100041,100041
8,40,insect,aphid-fluvalinate,fluvalinate,bridge,77.38,1,0,,0,1,98400,98400,1640.9999999999977,1640.9999999999973,100041,100041
8,40,insect,aphid-fluvalinate,fosmethilan,bridge,77.38,1,0,,0,1,98400,98400,1640.9999999999977,1640.9999999999973,100041,100041
8,40,insect,aphid-fluvalinate,hydramethylnon,bridge,1,1,0,,0,0,98400,98400,1640.9999999999977,1640.9999999999973,100041,100041
8,40,insect,aphid-fluvalinate,lindane,bridge,77.38,1,1,11,0,1,98400,98400,1640.9999999999977,1640.9999999999973,100041,100041
8,40,insect,aphid-fluvalinate,methidathion,bridge,1,1,0,,0,0,98400,98400,1640.9999999999977,1640.9999999999973,100041,100041
8,40,insect,aphid-fluvalinate,noise-001,noise,0.1,0.1,0,,0,0,98400,98400,1640.9999999999977,1640.9999999999973,100041,100041
8,40,insect,aphid-fluvalinate,noise-002,noise,0.1,0.1,0,,0,0,98400,98400,1640.9999999999977,1640.9999999999973,100041,100041
8,40,insect,aphid-fluvalinate,noise-003,noise,0.1,0.1,0,,0,0,98400,98400,1640.9999999999977,1640.9999999999973,100041,100041
8,40,insect,aphid-fluvalinate,noise-004,noise,0.1,0.1,0,,0,0,98400,98400,1640.9999999999977,1640.9999999999973,100041,100041
8,40,insect,aphid-fluvalinate,noise-005,noise,0.1,0.1,0,,0,0,98400,98400,1640.9999999999977,1640.9999999999973,100041,100041
8,40,insect,aphid-fluvalinate,noise-006,noise,0.1,0.1,0,,0,0,98400,98400,1640.9999999999977,1640.9999999999973,100041,100041
8,40,insect,aphid-fluvalinate,noise-007,noise,0.1,0.1,0,,0,0,98400,98400,1640.9999999999977,1640.9999999999973,100041,100041
8,40,insect,aphid-fluvalinate,noise-008,noise,0.1,0.1,0,,0,0,98400,98400,1640.9999999999977,1640.9999999999973,100041,100041
8,40,insect,aphid-fluvalinate,noise-009,noise,0.1,0.1,0,,0,0,98400,98400,1640.9999999999977,1640.9999999999973,100041,100041
8,40,insect,aphid-fluvalinate,noise-010,noise,0.1,0.1,0,,0,0,98400,98400,1640.9999999999977,1640.9999999999973,100041,100041
8,40,insect,aphid-fluvalinate,noise-011,noise,0.1,0.1,0,,0,0,98400,98400,1640.9999999999977,1640.9999999999973,100041,100041
8,40,insect,aphid-fluvalinate,noise-012,noise,0.1,0.1,0,,0,0,98400,98400,1640.9999999999977,1640.9999999999973,100041,100041
8,40,insect,aphid-fluvalinate,noise-013,noise,0.1,0.1,0,,0,0,98400,98400,1640.9999999999977,1640.9999999999973,100041,100041
8,40,insect,aphid-fluvalinate,noise-014,noise,0.1,0.1,0,,0,0,98400,98400,1640.9999999999977,1640.9999999999973,100041,100041
8,40,insect,aphid-fluvalinate,noise-015,noise,0.1,0.1,0,,0,0,98400,98400,1640.9999999999977,1640.9999999999973,100041,100041
8,40,insect,aphid-fluvalinate,noise-016,noise,0.1,0.1,0,,0,0,98400,98400,1640.9999999999977,1640.9999999999973,100041,100041
8,40,insect,aphid-fluvalinate,noise-017,noise,0.1,0.1,0,,0,0,98400,98400,1640.9999999999977,1640.9999999999973,100041,100041
8,40,insect,aphid-fluvalinate,noise-018,noise,0.1,0.1,0,,0,0,98400,98400,1640.9999999999977,1640.9999999999973,100041,100041
8,40,insect,aphid-fluvalinate,noise-019,noise,0.1,0.1,0,,0,0,98400,98400,1640.9999999999977,1640.9999999999973,100041,100041
8,40,insect,aphid-fluvalinate,noise-020,noise,0.1,0.1,0,,0,0,98400,98400,1640.9999999999977,1640.9999999999973,100041,100041
8,40,insect,aphid-fluvalinate,noise-021,noise,0.1,0.1,0,,0,0,98400,98400,1640.9999999999977,1640.9999999999973,100041,100041
8,40,insect,aphid-fluvalinate,noise-022,noise,0.1,0.1,0,,0,0,98400,98400,1640.9999999999977,1640.9999999999973,100041,100041
8,40,insect,aphid-fluvalinate,noise-023,noise,0.1,0.1,0,,0,0,98400,98400,1640.9999999999977,1640.9999999999973,100041,100041
8,40,insect,aphid-fluvalinate,noise-024,noise,0.1,0.1,0,,0,0,98400,98400,1640.9999999999977,1640.9999999999973,100041,100041
8,40,insect,aphid-fluvalinate,noise-025,noise,0.1,0.1,0,,0,0,98400,98400,1640.9999999999977,1640.9999999999973,100041,100041
8,40,insect,aphid-fluvalinate,noise-026,noise,0.1,0.1,0,,0,0,98400,98400,1640.9999999999977,1640.9999999999973,100041,100041
8,40,insect,aphid-fluvalinate,noise-027,noise,0.1,0.1,0,,0,0,98400,98400,1640.9999999999977,1640.9999999999973,100041,100041
8,40,insect,aphid-fluvalinate,noise-028,noise,0.1,0.1,0,,0,0,98400,98400,1640.9999999999977,1640.9999999999973,100041,100041
8,40,insect,aphid-fluvalinate,noise-029,noise,0.1,0.1,0,,0,0,98400,98400,1640.9999999999977,1640.9999999999973,100041,100041
8,40,insect,aphid-fluvalinate,noise-030,noise,0.1,0.1,0,,0,0,98400,98400,1640.9999999999977,1640.9999999999973,100041,100041
8,40,insect,aphid-fluvalinate,spider,insect,124.62,201,1,3,1,0,98400,98400,1640.9999999999977,1640.9999999999973,100041,100041
8,40,insect,aphid-fluvalinate,spider-hydramethylnon,insect,1,1,0,,0,0,98400,98400,1640.9999999999977,1640.9999999999973,100041,100041
8,40,insect,aphid-fluvalinate,trichlorophenol,bridge,1,1,0,,0,0,98400,98400,1640.9999999999977,1640.9999999999973,100041,100041
9,45,insect,spider-hydramethylnon,abamectin,bridge,77.38,1,0,,0,1,98200,98200,1840.9999999999977,1840.9999999999973,100041,100041
9,45,insect,spider-hydramethylnon,acetamiprid,bridge,77.38,1,0,,0,1,98200,98200,1840.9999999999977,1840.9999999999973,100041,100041
9,45,insect,spider-hydramethylnon,aconite,poison,1,1,0,,0,0,98200,98200,1840.9999999999977,1840.9999999999973,100041,100041
9,45,insect,spider-hydramethylnon,aflatoxin,poison,1,1,0,,0,0,98200,98200,1840.9999999999977,1840.9999999999973,100041,100041
9,45,insect,spider-hydramethylnon,alachlor,bridge,77.38,1,0,,0,1,98200,98200,1840.9999999999977,1840.9999999999973,100041,100041
9,45,insect,spider-hydramethylnon,alcohol,poison,1,1,0,,0,0,98200,98200,1840.9999999999977,1840.9999999999973,100041,100041
9,45,insect,spider-hydramethylnon,aldicarb,bridge,1,1,0,,0,0,98200,98200,1840.9999999999977,1840.9999999999973,100041,100041
9,45,insect,spider-hydramethylnon,aldrin,bridge,1,1,0,,0,0,98200,98200,1840.9999999999977,1840.9999999999973,100041,100041
9,45,insect,spider-hydramethylnon,ammonia,poison,1,1,0,,0,0,98200,98200,1840.9999999999977,1840.9999999999973,100041,100041
9,45,insect,spider-hydramethylnon,ant,insect,124.62,201,1,1,1,0,98200,98200,1840.9999999999977,1840.9999999999973,100041,100041
9,45,insect,spider-hydramethylnon,aphid,insect,124.62,201,1,2,1,0,98200,98200,1840.9999999999977,1840.9999999999973,100041,100041
9,45,insect,spider-hydramethylnon,aphid-fluvalinate,insect,124.62,201,1,7,1,0,98200,98200,1840.9999999999977,1840.9999999999973,100041,100041
9,45,insect,spider-hydramethylnon,armyworm-bendiocarb,insect,1,1,0,,0,0,98200,98200,1840.9999999999977,1840.9999999999973,100041,100041
9,45,insect,spider-hydramethylnon,armyworm-ethion,insect,124.62,201,1,6,1,0,98200,98200,1840.9999999999977,1840.9999999999973,100041,100041
9,45,insect,spider-hydramethylnon,armyworm-fosmethilan,insect,124.62,201,1,8,1,0,98200,98200,1840.9999999999977,1840.9999999999973,100041,100041
9,45,insect,spider-hydramethylnon,arsenic,poison,1,1,0,,0,0,98200,98200,1840.9999999999977,1840.9999999999973,100041,100041
9,45,insect,spider-hydramethylnon,aspirin,poison,1,1,0,,0,0,98200,98200,1840.9999999999977,1840.9999999999973,100041,100041
9,45,insect,spider-hydramethylnon,azoxystrobin,poison,1,1,0,,0,0,98200,98200,1840.9999999999977,1840.9999999999973,100041,100041
9,45,insect,spider-hydramethylnon,beanpodborer,insect,124.62,201,1,5,1,0,98200,98200,1840.9999999999977,1840.9999999999973,100041,100041
9,45,insect,spider-hydramethylnon,beetwebworm,insect,124.62,201,1,4,1,0,98200,98200,1840.9999999999977,1840.9999999999973,100041,100041
9,45,insect,spider-hydramethylnon,benazolin,bridge,1,1,0,,0,0,98200,98200,1840.9999999999977,1840.9999999999973,100041,100041
9,45,insect,spider-hydramethylnon,bendiocarb,bridge,1,1,0,,0,0,98200,98200,1840.9999999999977,1840.9999999999973,100041,100041
9,45,insect,spider-hydramethylnon,botulinum,poison,1,1,0,,0,0,98200,98200,1840.9999999999977,1840.9999999999973,100041,100041
9,45,insect,spider-hydramethylnon,diazinon,bridge,1,1,0,,0,0,98200,98200,1840.9999999999977,1840.9999999999973,100041,100041
9,45,insect,spider-hydramethylnon,dichloropropene,bridge,1,1,0,,0,0,98200,98200,1840.9999999999977,1840.9999999999973,100041,100041
9,45,insect,spider-hydramethylnon,dicofol,bridge,1,1,0,,0,0,98200,98200,1840.9999999999977,1840.9999999999973,100041,100041
9,45,insect,spider-hydramethylnon,dinoseb,bridge,1,1,0,,0,0,98200,98200,1840.9999999999977,1840.9999999999973,100041,100041
9,45,insect,spider-hydramethylnon,ethiofencarb,bridge,1,1,0,,0,0,98200,98200,1840.9999999999977,1840.9999999999973,100041,100041
9,45,insect,spider-hydramethylnon,ethion,bridge,77.38,1,1,10,0,1,98200,98200,1840.9999999999977,1840.9999999999973,100041,100041
9,45,insect,spider-hydramethylnon,fenson,bridge,77.38,1,1,11,0,1,98200,98200,1840.9999999999977,1840.9999999999973,100041,100041
9,45,insect,spider-hydramethylnon,fluvalinate,bridge,77.38,1,0,,0,1,98200,98200,1840.9999999999977,1840.9999999999973,100041,100041
9,45,insect,spider-hydramethylnon,fosmethilan,bridge,77.38,1,0,,0,1,98200,98200,1840.9999999999977,1840.9999999999973,100041,100041
9,45,insect,spider-hydramethylnon,hydramethylnon,bridge,77.38,1,0,,0,1,98200,98200,1840.9999999999977,1840.9999999999973,100041,100041
9,45,insect,spider-hydramethylnon,lindane,bridge,77.38,1,1,12,0,1,98200,98200,1840.9999999999977,1840.9999999999973,100041,100041
9,45,insect,spider-hydramethylnon,methidathion,bridge,1,1,0,,0,0,98200,98200,1840.9999999999977,1840.9999999999973,100041,100041
9,45,insect,spider-hydramethylnon,noise-001,noise,0.1,0.1,0,,0,0,98200,98200,1840.9999999999977,1840.9999999999973,100041,100041
9,45,insect,spider-hydramethylnon,noise-002,noise,0.1,0.1,0,,0,0,98200,98200,1840.9999999999977,1840.9999999999973,100041,100041
9,45,insect,spider-hydramethylnon,noise-003,noise,0.1,0.1,0,,0,0,98200,98200,1840.9999999999977,1840.9999999999973,100041,100041
9,45,insect,spider-hydramethylnon,noise-004,noise,0.1,0.1,0,,0,0,98200,98200,1840.9999999999977,1840.9999999999973,100041,100041
9,45,insect,spider-hydramethylnon,noise-005,noise,0.1,0.1,0,,0,0,98200,98200,1840.9999999999977,1840.9999999999973,100041,100041
9,45,insect,spider-hydramethylnon,noise-006,noise,0.1,0.1,0,,0,0,98200,98200,1840.9999999999977,1840.9999999999973,100041,100041
9,45,insect,spider-hydramethylnon,noise-007,noise,0.1,0.1,0,,0,0,98200,98200,1840.9999999999977,1840.9999999999973,100041,100041
9,45,insect,spider-hydramethylnon,noise-008,noise,0.1,0.1,0,,0,0,98200,98200,1840.9999999999977,1840.9999999999973,100041,100041
9,45,insect,spider-hydramethylnon,noise-009,noise,0.1,0.1,0,,0,0,98200,98200,1840.9999999999977,1840.9999999999973,100041,100041
9,45,insect,spider-hydramethylnon,noise-010,noise,0.1,0.1,0,,0,0,98200,98200,1840.9999999999977,1840.9999999999973,100041,100041
9,45,insect,spider-hydramethylnon,noise-011,noise,0.1,0.1,0,,0,0,98200,98200,1840.9999999999977,1840.9999999999973,100041,100041
9,45,insect,spider-hydramethylnon,noise-012,noise,0.1,0.1,0,,0,0,98200,98200,1840.9999999999977,1840.9999999999973,100041,100041
9,45,insect,spider-hydramethylnon,noise-013,noise,0.1,0.1,0,,0,0,98200,98200,1840.9999999999977,1840.9999999999973,100041,100041
9,45,insect,spider-hydramethylnon,noise-014,noise,0.1,0.1,0,,0,0,98200,98200,1840.9999999999977,1840.9999999999973,100041,100041
9,45,insect,spider-hydramethylnon,noise-015,noise,0.1,0.1,0,,0,0,98200,98200,1840.9999999999977,1840.9999999999973,100041,100041
9,45,insect,spider-hydramethylnon,noise-016,noise,0.1,0.1,0,,0,0,98200,98200,1840.9999999999977,1840.9999999999973,100041,100041
9,45,insect,spider-hydramethylnon,noise-017,noise,0.1,0.1,0,,0,0,98200,98200,1840.9999999999977,1840.9999999999973,100041,100041
9,45,insect,spider-hydramethylnon,noise-018,noise,0.1,0.1,0,,0,0,98200,98200,1840.9999999999977,1840.9999999999973,100041,100041
9,45,insect,spider-hydramethylnon,noise-019,noise,0.1,0.1,0,,0,0,98200,98200,1840.9999999999977,1840.9999999999973,100041,100041
9,45,insect,spider-hydramethylnon,noise-020,noise,0.1,0.1,0,,0,0,98200,98200,1840.9999999999977,1840.9999999999973,100041,100041
9,45,insect,spider-hydramethylnon,noise-021,noise,0.1,0.1,0,,0,0,98200,98200,1840.9999999999977,1840.9999999999973,100041,100041
9,45,insect,spider-hydramethylnon,noise-022,noise,0.1,0.1,0,,0,0,98200,98200,1840.9999999999977,1840.9999999999973,100041,100041
9,45,insect,spider-hydramethylnon,noise-023,noise,0.1,0.1,0,,0,0,98200,98200,1840.9999999999977,1840.9999999999973,100041,100041
9,45,insect,spider-hydramethylnon,noise-024,noise,0.1,0.1,0,,0,0,98200,98200,1840.9999999999977,1840.9999999999973,100041,100041
9,45,insect,spider-hydramethylnon,noise-025,noise,0.1,0.1,0,,0,0,98200,98200,1840.9999999999977,1840.9999999999973,100041,100041
9,45,insect,spider-hydramethylnon,noise-026,noise,0.1,0.1,0,,0,0,98200,98200,1840.9999999999977,1840.9999999999973,100041,100041
9,45,insect,spider-hydramethylnon,noise-027,noise,0.1,0.1,0,,0,0,98200,98200,1840.9999999999977,1840.9999999999973,100041,100041
9,45,insect,spider-hydramethylnon,noise-028,noise,0.1,0.1,0,,0,0,98200,98200,1840.9999999999977,1840.9999999999973,100041,100041
9,45,insect,spider-hydramethylnon,noise-029,noise,0.1,0.1,0,,0,0,98200,98200,1840.9999999999977,1840.9999999999973,100041,100041
9,45,insect,spider-hydramethylnon,noise-030,noise,0.1,0.1,0,,0,0,98200,98200,1840.9999999999977,1840.9999999999973,100041,100041
9,45,insect,spider-hydramethylnon,spider,insect,124.62,201,1,3,1,0,98200,98200,1840.9999999999977,1840.9999999999973,100041,100041
9,45,insect,spider-hydramethylnon,spider-hydramethylnon,insect,124.62,201,1,9,1,0,98200,98200,1840.9999999999977,1840.9999999999973,100041,100041
9,45,insect,spider-hydramethylnon,trichlorophenol,bridge,1,1,0,,0,0,98200,98200,1840.9999999999977,1840.9999999999973,100041,100041
10,50,insect,armyworm-bendiocarb,abamectin,bridge,77.38,1,0,,0,1,98000,98000,2040.9999999999977,2040.9999999999973,100041,100041
10,50,insect,armyworm-bendiocarb,acetamiprid,bridge,77.38,1,0,,0,1,98000,98000,2040.9999999999977,2040.9999999999973,100041,100041
10,50,insect,armyworm-bendiocarb,aconite,poison,1,1,0,,0,0,98000,98000,2040.9999999999977,2040.9999999999973,100041,100041
10,50,insect,armyworm-bendiocarb,aflatoxin,poison,1,1,0,,0,0,98000,98000,2040.9999999999977,2040.9999999999973,100041,100041
10,50,insect,armyworm-bendiocarb,alachlor,bridge,77.38,1,0,,0,1,98000,98000,2040.9999999999977,2040.9999999999973,100041,100041
10,50,insect,armyworm-bendiocarb,alcohol,poison,1,1,0,,0,0,98000,98000,2040.9999999999977,2040.9999999999973,100041,100041
10,50,insect,armyworm-bendiocarb,aldicarb,bridge,1,1,0,,0,0,98000,98000,2040.9999999999977,2040.9999999999973,100041,100041
10,50,insect,armyworm-bendiocarb,aldrin,bridge,1,1,0,,0,0,98000,98000,2040.9999999999977,2040.9999999999973,100041,100041
10,50,insect,armyworm-bendiocarb,ammonia,poison,1,1,0,,0,0,98000,98000,2040.9999999999977,2040.9999999999973,100041,100041
10,50,insect,armyworm-bendiocarb,ant,insect,124.62,201,1,1,1,0,98000,98000,2040.9999999999977,2040.9999999999973,100041,100041
10,50,insect,armyworm-bendiocarb,aphid,insect,124.62,201,1,2,1,0,98000,98000,2040.9999999999977,2040.9999999999973,100041,100041
10,50,insect,armyworm-bendiocarb,aphid-fluvalinate,insect,124.62,201,1,7,1,0,98000,98000,2040.9999999999977,2040.9999999999973,100041,100041
10,50,insect,armyworm-bendiocarb,armyworm-bendiocarb,insect,124.62,201,1,8,1,0,98000,98000,2040.9999999999977,2040.9999999999973,100041,100041
10,50,insect,armyworm-bendiocarb,armyworm-ethion,insect,124.62,201,1,6,1,0,98000,98000,2040.9999999999977,2040.9999999999973,100041,100041
10,50,insect,armyworm-bendiocarb,armyworm-fosmethilan,insect,124.62,201,1,9,1,0,98000,98000,2040.9999999999977,2040.9999999999973,100041,100041
10,50,insect,armyworm-bendiocarb,arsenic,poison,1,1,0,,0,0,98000,98000,2040.9999999999977,2040.9999999999973,100041,100041
10,50,insect,armyworm-bendiocarb,aspirin,poison,1,1,0,,0,0,98000,98000,2040.9999999999977,2040.9999999999973,100041,100041
10,50,insect,armyworm-bendiocarb,azoxystrobin,poison,1,1,0,,0,0,98000,98000,2040.9999999999977,2040.9999999999973,100041,100041
10,50,insect,armyworm-bendiocarb,beanpodborer,insect,124.62,201,1,5,1,0,98000,98000,2040.9999999999977,2040.9999999999973,100041,100041
10,50,insect,armyworm-bendiocarb,beetwebworm,insect,124.62,201,1,4,1,0,98000,98000,2040.9999999999977,2040.9999999999973,100041,100041
10,50,insect,armyworm-bendiocarb,benazolin,bridge,1,1,0,,0,0,98000,98000,2040.9999999999977,2040.9999999999973,100041,100041
10,50,insect,armyworm-bendiocarb,bendiocarb,bridge,77.38,1,0,,0,1,98000,98000,2040.9999999999977,2040.9999999999973,100041,100041
10,50,insect,armyworm-bendiocarb,botulinum,poison,1,1,0,,0,0,98000,98000,2040.9999999999977,2040.9999999999973,100041,100041
10,50,insect,armyworm-bendiocarb,diazinon,bridge,1,1,0,,0,0,98000,98000,2040.9999999999977,2040.9999999999973,100041,100041
10,50,insect,armyworm-bendiocarb,dichloropropene,bridge,1,1,0,,0,0,98000,98000,2040.9999999999977,2040.9999999999973,100041,100041
10,50,insect,armyworm-bendiocarb,dicofol,bridge,1,1,0,,0,0,98000,98000,2040.9999999999977,2040.9999999999973,100041,100041
10,50,insect,armyworm-bendiocarb,dinoseb,bridge,1,1,0,,0,0,98000,98000,2040.9999999999977,2040.9999999999973,100041,100041
10,50,insect,armyworm-bendiocarb,ethiofencarb,bridge,1,1,0,,0,0,98000,98000,2040.9999999999977,2040.9999999999973,100041,100041
10,50,insect,armyworm-bendiocarb,ethion,bridge,77.38,1,1,11,0,1,98000,98000,2040.9999999999977,2040.9999999999973,100041,100041
10,50,insect,armyworm-bendiocarb,fenson,bridge,77.38,1,1,12,0,1,98000,98000,2040.9999999999977,2040.9999999999973,100041,100041
10,50,insect,armyworm-bendiocarb,fluvalinate,bridge,77.38,1,0,,0,1,98000,98000,2040.9999999999977,2040.9999999999973,100041,100041
10,50,insect,armyworm-bendiocarb,fosmethilan,bridge,77.38,1,0,,0,1,98000,98000,2040.9999999999977,2040.9999999999973,100041,100041
10,50,insect,armyworm-bendiocarb,hydramethylnon,bridge,77.38,1,0,,0,1,98000,98000,2040.9999999999977,2040.9999999999973,100041,100041
10,50,insect,armyworm-bendiocarb,lindane,bridge,77.38,1,0,,0,1,98000,98000,2040.9999999999977,2040.9999999999973,100041,100041
10,50,insect,armyworm-bendiocarb,methidathion,bridge,1,1,0,,0,0,98000,98000,2040.9999999999977,2040.9999999999973,100041,100041
10,50,insect,armyworm-bendiocarb,noise-001,noise,0.1,0.1,0,,0,0,98000,98000,2040.9999999999977,2040.9999999999973,100041,100041
10,50,insect,armyworm-bendiocarb,noise-002,noise,0.1,0.1,0,,0,0,98000,98000,2040.9999999999977,2040.9999999999973,100041,100041
10,50,insect,armyworm-bendiocarb,noise-003,noise,0.1,0.1,0,,0,0,98000,98000,2040.9999999999977,2040.9999999999973,100041,100041
10,50,insect,armyworm-bendiocarb,noise-004,noise,0.1,0.1,0,,0,0,98000,98000,2040.9999999999977,2040.9999999999973,100041,100041
10,50,insect,armyworm-bendiocarb,noise-005,noise,0.1,0.1,0,,0,0,98000,98000,2040.9999999999977,2040.9999999999973,100041,100041
10,50,insect,armyworm-bendiocarb,noise-006,noise,0.1,0.1,0,,0,0,98000,98000,2040.9999999999977,2040.9999999999973,100041,100041
10,50,insect,armyworm-bendiocarb,noise-007,noise,0.1,0.1,0,,0,0,98000,98000,2040.9999999999977,2040.9999999999973,100041,100041
10,50,insect,armyworm-bendiocarb,noise-008,noise,0.1,0.1,0,,0,0,98000,98000,2040.9999999999977,2040.9999999999973,100041,100041
10,50,insect,armyworm-bendiocarb,noise-009,noise,0.1,0.1,0,,0,0,98000,98000,2040.9999999999977,2040.9999999999973,100041,100041
10,50,insect,armyworm-bendiocarb,noise-010,noise,0.1,0.1,0,,0,0,98000,98000,2040.9999999999977,2040.9999999999973,100041,100041
10,50,insect,armyworm-bendiocarb,noise-011,noise,0.1,0.1,0,,0,0,98000,98000,2040.9999999999977,2040.9999999999973,100041,100041
10,50,insect,armyworm-bendiocarb,noise-012,noise,0.1,0.1,0,,0,0,98000,98000,2040.9999999999977,2040.9999999999973,100041,100041
10,50,insect,armyworm-bendiocarb,noise-013,noise,0.1,0.1,0,,0,0,98000,98000,2040.9999999999977,2040.9999999999973,100041,100041
10,50,insect,armyworm-bendiocarb,noise-014,noise,0.1,0.1,0,,0,0,98000,98000,2040.9999999999977,2040.9999999999973,100041,100041
10,50,insect,armyworm-bendiocarb,noise-015,noise,0.1,0.1,0,,0,0,98000,98000,2040.9999999999977,2040.9999999999973,100041,100041
10,50,insect,armyworm-bendiocarb,noise-016,noise,0.1,0.1,0,,0,0,98000,98000,2040.9999999999977,2040.9999999999973,100041,100041
10,50,insect,armyworm-bendiocarb,noise-017,noise,0.1,0.1,0,,0,0,98000,98000,2040.9999999999977,2040.9999999999973,100041,100041
10,50,insect,armyworm-bendiocarb,noise-018,noise,0.1,0.1,0,,0,0,98000,98000,2040.9999999999977,2040.9999999999973,100041,100041
10,50,insect,armyworm-bendiocarb,noise-019,noise,0.1,0.1,0,,0,0,98000,98000,2040.9999999999977,2040.9999999999973,100041,100041
10,50,insect,armyworm-bendiocarb,noise-020,noise,0.1,0.1,0,,0,0,98000,98000,2040.9999999999977,2040.9999999999973,100041,100041
10,50,insect,armyworm-bendiocarb,noise-021,noise,0.1,0.1,0,,0,0,98000,98000,2040.9999999999977,2040.9999999999973,100041,100041
10,50,insect,armyworm-bendiocarb,noise-022,noise,0.1,0.1,0,,0,0,98000,98000,2040.9999999999977,2040.9999999999973,100041,100041
10,50,insect,armyworm-bendiocarb,noise-023,noise,0.1,0.1,0,,0,0,98000,98000,2040.9999999999977,2040.9999999999973,100041,100041
10,50,insect,armyworm-bendiocarb,noise-024,noise,0.1,0.1,0,,0,0,98000,98000,2040.9999999999977,2040.9999999999973,100041,100041
10,50,insect,armyworm-bendiocarb,noise-025,noise,0.1,0.1,0,,0,0,98000,98000,2040.9999999999977,2040.9999999999973,100041,100041
10,50,insect,armyworm-bendiocarb,noise-026,noise,0.1,0.1,0,,0,0,98000,98000,2040.9999999999977,2040.9999999999973,100041,100041
10,50,insect,armyworm-bendiocarb,noise-027,noise,0.1,0.1,0,,0,0,98000,98000,2040.9999999999977,2040.9999999999973,100041,100041
10,50,insect,armyworm-bendiocarb,noise-028,noise,0.1,0.1,0,,0,0,98000,98000,2040.9999999999977,2040.9999999999973,100041,100041
10,50,insect,armyworm-bendiocarb,noise-029,noise,0.1,0.1,0,,0,0,98000,98000,2040.9999999999977,2040.9999999999973,100041,100041
10,50,insect,armyworm-bendiocarb,noise-030,noise,0.1,0.1,0,,0,0,98000,98000,2040.9999999999977,2040.9999999999973,100041,100041
10,50,insect,armyworm-bendiocarb,spider,insect,124.62,201,1,3,1,0,98000,98000,2040.9999999999977,2040.9999999999973,100041,100041
10,50,insect,armyworm-bendiocarb,spider-hydramethylnon,insect,124.62,201,1,10,1,0,98000,98000,2040.9999999999977,2040.9999999999973,100041,100041
10,50,insect,armyworm-bendiocarb,trichlorophenol,bridge,1,1,0,,0,0,98000,98000,2040.9999999999977,2040.9999999999973,100041,100041
11,55,poison,aconite,abamectin,bridge,77.38,1,0,,0,1,97800,97800,2240.9999999999977,2240.9999999999973,100041,100041
11,55,poison,aconite,acetamiprid,bridge,77.38,1,0,,0,1,97800,97800,2240.9999999999977,2240.9999999999973,100041,100041
11,55,poison,aconite,aconite,poison,201,201,1,1,1,0,97800,97800,2240.9999999999977,2240.9999999999973,100041,100041
11,55,poison,aconite,aflatoxin,poison,1,1,0,,0,0,97800,97800,2240.9999999999977,2240.9999999999973,100041,100041
11,55,poison,aconite,alachlor,bridge,77.38,1,0,,0,1,97800,97800,2240.9999999999977,2240.9999999999973,100041,100041
11,55,poison,aconite,alcohol,poison,1,1,0,,0,0,97800,97800,2240.9999999999977,2240.9999999999973,100041,100041
11,55,poison,aconite,aldicarb,bridge,1,1,0,,0,0,97800,97800,2240.9999999999977,2240.9999999999973,100041,100041
11,55,poison,aconite,aldrin,bridge,1,1,0,,0,0,97800,97800,2240.9999999999977,2240.9999999999973,100041,100041
11,55,poison,aconite,ammonia,poison,1,1,0,,0,0,97800,97800,2240.9999999999977,2240.9999999999973,100041,100041
11,55,poison,aconite,ant,insect,124.62,201,1,2,1,0,97800,97800,2240.9999999999977,2240.9999999999973,100041,100041
11,55,poison,aconite,aphid,insect,124.62,201,1,3,1,0,97800,97800,2240.9999999999977,2240.9999999999973,100041,100041
11,55,poison,aconite,aphid-fluvalinate,insect,124.62,201,1,8,1,0,97800,97800,2240.9999999999977,2240.9999999999973,100041,100041
11,55,poison,aconite,armyworm-bendiocarb,insect,124.62,201,1,9,1,0,97800,97800,2240.9999999999977,2240.9999999999973,100041,100041
11,55,poison,aconite,armyworm-ethion,insect,124.62,201,1,7,1,0,97800,97800,2240.9999999999977,2240.9999999999973,100041,100041
11,55,poison,aconite,armyworm-fosmethilan,insect,124.62,201,1,10,1,0,97800,97800,2240.9999999999977,2240.9999999999973,100041,100041
11,55,poison,aconite,arsenic,poison,1,1,0,,0,0,97800,97800,2240.9999999999977,2240.9999999999973,100041,100041
11,55,poison,aconite,aspirin,poison,1,1,0,,0,0,97800,97800,2240.9999999999977,2240.9999999999973,100041,100041
11,55,poison,aconite,azoxystrobin,poison,1,1,0,,0,0,97800,97800,2240.9999999999977,2240.9999999999973,100041,100041
11,55,poison,aconite,beanpodborer,insect,124.62,201,1,6,1,0,97800,97800,2240.9999999999977,2240.9999999999973,100041,100041
11,55,poison,aconite,beetwebworm,insect,124.62,201,1,5,1,0,97800,97800,2240.9999999999977,2240.9999999999973,100041,100041
11,55,poison,aconite,benazolin,bridge,1,1,0,,0,0,97800,97800,2240.9999999999977,2240.9999999999973,100041,100041
11,55,poison,aconite,bendiocarb,bridge,77.38,1,0,,0,1,97800,97800,2240.9999999999977,2240.9999999999973,100041,100041
11,55,poison,aconite,botulinum,poison,1,1,0,,0,0,97800,97800,2240.9999999999977,2240.9999999999973,100041,100041
11,55,poison,aconite,diazinon,bridge,1,1,0,,0,0,97800,97800,2240.9999999999977,2240.9999999999973,100041,100041
11,55,poison,aconite,dichloropropene,bridge,1,1,0,,0,0,97800,97800,2240.9999999999977,2240.9999999999973,100041,100041
11,55,poison,aconite,dicofol,bridge,1,1,0,,0,0,97800,97800,2240.9999999999977,2240.9999999999973,100041,100041
11,55,poison,aconite,dinoseb,bridge,1,1,0,,0,0,97800,97800,2240.9999999999977,2240.9999999999973,100041,100041
11,55,poison,aconite,ethiofencarb,bridge,1,1,0,,0,0,97800,97800,2240.9999999999977,2240.9999999999973,100041,100041
11,55,poison,aconite,ethion,bridge,77.38,1,1,12,0,1,97800,97800,2240.9999999999977,2240.9999999999973,100041,100041
11,55,poison,aconite,fenson,bridge,77.38,1,0,,0,1,97800,97800,2240.9999999999977,2240.9999999999973,100041,100041
11,55,poison,aconite,fluvalinate,bridge,77.38,1,0,,0,1,97800,97800,2240.9999999999977,2240.9999999999973,100041,100041
11,55,poison,aconite,fosmethilan,bridge,77.38,1,0,,0,1,97800,97800,2240.9999999999977,2240.9999999999973,100041,100041
11,55,poison,aconite,hydramethylnon,bridge,77.38,1,0,,0,1,97800,97800,2240.9999999999977,2240.9999999999973,100041,100041
11,55,poison,aconite,lindane,bridge,77.38,1,0,,0,1,97800,97800,2240.9999999999977,2240.9999999999973,100041,100041
11,55,poison,aconite,methidathion,bridge,1,1,0,,0,0,97800,97800,2240.9999999999977,2240.9999999999973,100041,100041
11,55,poison,aconite,noise-001,noise,0.1,0.1,0,,0,0,97800,97800,2240.9999999999977,2240.9999999999973,100041,100041
11,55,poison,aconite,noise-002,noise,0.1,0.1,0,,0,0,97800,97800,2240.9999999999977,2240.9999999999973,100041,100041
11,55,poison,aconite,noise-003,noise,0.1,0.1,0,,0,0,97800,97800,2240.9999999999977,2240.9999999999973,100041,100041
11,55,poison,aconite,noise-004,noise,0.1,0.1,0,,0,0,97800,97800,2240.9999999999977,2240.9999999999973,100041,100041
11,55,poison,aconite,noise-005,noise,0.1,0.1,0,,0,0,97800,97800,2240.9999999999977,2240.9999999999973,100041,100041
11,55,poison,aconite,noise-006,noise,0.1,0.1,0,,0,0,97800,97800,2240.9999999999977,2240.9999999999973,100041,100041
11,55,poison,aconite,noise-007,noise,0.1,0.1,0,,0,0,97800,97800,2240.9999999999977,2240.9999999999973,100041,100041
11,55,poison,aconite,noise-008,noise,0.1,0.1,0,,0,0,97800,97800,2240.9999999999977,2240.9999999999973,100041,100041
11,55,poison,aconite,noise-009,noise,0.1,0.1,0,,0,0,97800,97800,2240.9999999999977,2240.9999999999973,100041,100041
11,55,poison,aconite,noise-010,noise,0.1,0.1,0,,0,0,97800,97800,2240.9999999999977,2240.9999999999973,100041,100041
11,55,poison,aconite,noise-011,noise,0.1,0.1,0,,0,0,97800,97800,2240.9999999999977,2240.9999999999973,100041,100041
11,55,poison,aconite,noise-012,noise,0.1,0.1,0,,0,0,97800,97800,2240.9999999999977,2240.9999999999973,100041,100041
11,55,poison,aconite,noise-013,noise,0.1,0.1,0,,0,0,97800,97800,2240.9999999999977,2240.9999999999973,100041,100041
11,55,poison,aconite,noise-014,noise,0.1,0.1,0,,0,0,97800,97800,2240.9999999999977,2240.9999999999973,100041,100041
11,55,poison,aconite,noise-015,noise,0.1,0.1,0,,0,0,97800,97800,2240.9999999999977,2240.9999999999973,100041,100041
11,55,poison,aconite,noise-016,noise,0.1,0.1,0,,0,0,97800,97800,2240.9999999999977,2240.9999999999973,100041,100041
11,55,poison,aconite,noise-017,noise,0.1,0.1,0,,0,0,97800,97800,2240.9999999999977,2240.9999999999973,100041,100041
11,55,poison,aconite,noise-018,noise,0.1,0.1,0,,0,0,97800,97800,2240.9999999999977,2240.9999999999973,100041,100041
11,55,poison,aconite,noise-019,noise,0.1,0.1,0,,0,0,97800,97800,2240.9999999999977,2240.9999999999973,100041,100041
11,55,poison,aconite,noise-020,noise,0.1,0.1,0,,0,0,97800,97800,2240.9999999999977,2240.9999999999973,100041,100041
11,55,poison,aconite,noise-021,noise,0.1,0.1,0,,0,0,97800,97800,2240.9999999999977,2240.9999999999973,100041,100041
11,55,poison,aconite,noise-022,noise,0.1,0.1,0,,0,0,97800,97800,2240.9999999999977,2240.9999999999973,100041,100041
11,55,poison,aconite,noise-023,noise,0.1,0.1,0,,0,0,97800,97800,2240.9999999999977,2240.9999999999973,100041,100041
11,55,poison,aconite,noise-024,noise,0.1,0.1,0,,0,0,97800,97800,2240.9999999999977,2240.9999999999973,100041,100041
11,55,poison,aconite,noise-025,noise,0.1,0.1,0,,0,0,97800,97800,2240.9999999999977,2240.9999999999973,100041,100041
11,55,poison,aconite,noise-026,noise,0.1,0.1,0,,0,0,97800,97800,2240.9999999999977,2240.9999999999973,100041,100041
11,55,poison,aconite,noise-027,noise,0.1,0.1,0,,0,0,97800,97800,2240.9999999999977,2240.9999999999973,100041,100041
11,55,poison,aconite,noise-028,noise,0.1,0.1,0,,0,0,97800,97800,2240.9999999999977,2240.9999999999973,100041,100041
11,55,poison,aconite,noise-029,noise,0.1,0.1,0,,0,0,97800,97800,2240.9999999999977,2240.9999999999973,100041,100041
11,55,poison,aconite,noise-030,noise,0.1,0.1,0,,0,0,97800,97800,2240.9999999999977,2240.9999999999973,100041,100041
11,55,poison,aconite,spider,insect,124.62,201,1,4,1,0,97800,97800,2240.9999999999977,2240.9999999999973,100041,100041
11,55,poison,aconite,spider-hydramethylnon,insect,124.62,201,1,11,1,0,97800,97800,2240.9999999999977,2240.9999999999973,100041,100041
11,55,poison,aconite,trichlorophenol,bridge,1,1,0,,0,0,97800,97800,2240.9999999999977,2240.9999999999973,100041,100041
12,60,poison,aflatoxin,abamectin,bridge,77.38,1,0,,0,1,97600,97600,2440.9999999999973,2440.9999999999973,100041,100041
12,60,poison,aflatoxin,acetamiprid,bridge,77.38,1,0,,0,1,97600,97600,2440.9999999999973,2440.9999999999973,100041,100041
12,60,poison,aflatoxin,aconite,poison,201,201,1,1,1,0,97600,97600,2440.9999999999973,2440.9999999999973,100041,100041
12,60,poison,aflatoxin,aflatoxin,poison,201,201,1,2,1,0,97600,97600,2440.9999999999973,2440.9999999999973,100041,100041
12,60,poison,aflatoxin,alachlor,bridge,77.38,1,0,,0,1,97600,97600,2440.9999999999973,2440.9999999999973,100041,100041
12,60,poison,aflatoxin,alcohol,poison,1,1,0,,0,0,97600,97600,2440.9999999999973,2440.9999999999973,100041,100041
12,60,poison,aflatoxin,aldicarb,bridge,1,1,0,,0,0,97600,97600,2440.9999999999973,2440.9999999999973,100041,100041
12,60,poison,aflatoxin,aldrin,bridge,1,1,0,,0,0,97600,97600,2440.9999999999973,2440.9999999999973,100041,100041
12,60,poison,aflatoxin,ammonia,poison,1,1,0,,0,0,97600,97600,2440.9999999999973,2440.9999999999973,100041,100041
12,60,poison,aflatoxin,ant,insect,124.62,201,1,3,1,0,97600,97600,2440.9999999999973,2440.9999999999973,100041,100041
12,60,poison,aflatoxin,aphid,insect,124.62,201,1,4,1,0,97600,97600,2440.9999999999973,2440.9999999999973,100041,100041
12,60,poison,aflatoxin,aphid-fluvalinate,insect,124.62,201,1,9,1,0,97600,97600,2440.9999999999973,2440.9999999999973,100041,100041
12,60,poison,aflatoxin,armyworm-bendiocarb,insect,124.62,201,1,10,1,0,97600,97600,2440.9999999999973,2440.9999999999973,100041,100041
12,60,poison,aflatoxin,armyworm-ethion,insect,124.62,201,1,8,1,0,97600,97600,2440.9999999999973,2440.9999999999973,100041,100041
12,60,poison,aflatoxin,armyworm-fosmethilan,insect,124.62,201,1,11,1,0,97600,97600,2440.9999999999973,2440.9999999999973,100041,100041
12,60,poison,aflatoxin,arsenic,poison,1,1,0,,0,0,97600,97600,2440.9999999999973,2440.9999999999973,100041,100041
12,60,poison,aflatoxin,aspirin,poison,1,1,0,,0,0,97600,97600,2440.9999999999973,2440.9999999999973,100041,100041
12,60,poison,aflatoxin,azoxystrobin,poison,1,1,0,,0,0,97600,97600,2440.9999999999973,2440.9999999999973,100041,100041
12,60,poison,aflatoxin,beanpodborer,insect,124.62,201,1,7,1,0,97600,97600,2440.9999999999973,2440.9999999999973,100041,100041
12,60,poison,aflatoxin,beetwebworm,insect,124.62,201,1,6,1,0,97600,97600,2440.9999999999973,2440.9999999999973,100041,100041
12,60,poison,aflatoxin,benazolin,bridge,1,1,0,,0,0,97600,97600,2440.9999999999973,2440.9999999999973,100041,100041
12,60,poison,aflatoxin,bendiocarb,bridge,77.38,1,0,,0,1,97600,97600,2440.9999999999973,2440.9999999999973,100041,100041
12,60,poison,aflatoxin,botulinum,poison,1,1,0,,0,0,97600,97600,2440.9999999999973,2440.9999999999973,100041,100041
12,60,poison,aflatoxin,diazinon,bridge,1,1,0,,0,0,97600,97600,2440.9999999999973,2440.9999999999973,100041,100041
12,60,poison,aflatoxin,dichloropropene,bridge,1,1,0,,0,0,97600,97600,2440.9999999999973,2440.9999999999973,100041,100041
12,60,poison,aflatoxin,dicofol,bridge,1,1,0,,0,0,97600,97600,2440.9999999999973,2440.9999999999973,100041,100041
12,60,poison,aflatoxin,dinoseb,bridge,1,1,0,,0,0,97600,97600,2440.9999999999973,2440.9999999999973,100041,100041
12,60,poison,aflatoxin,ethiofencarb,bridge,1,1,0,,0,0,97600,97600,2440.9999999999973,2440.9999999999973,100041,100041
12,60,poison,aflatoxin,ethion,bridge,77.38,1,0,,0,1,97600,97600,2440.9999999999973,2440.9999999999973,100041,100041
12,60,poison,aflatoxin,fenson,bridge,77.38,1,0,,0,1,97600,97600,2440.9999999999973,2440.9999999999973,100041,100041
12,60,poison,aflatoxin,fluvalinate,bridge,77.38,1,0,,0,1,97600,97600,2440.9999999999973,2440.9999999999973,100041,100041
12,60,poison,aflatoxin,fosmethilan,bridge,77.38,1,0,,0,1,97600,97600,2440.9999999999973,2440.9999999999973,100041,100041
12,60,poison,aflatoxin,hydramethylnon,bridge,77.38,1,0,,0,1,97600,97600,2440.9999999999973,2440.9999999999973,100041,100041
12,60,poison,aflatoxin,lindane,bridge,77.38,1,0,,0,1,97600,97600,2440.9999999999973,2440.9999999999973,100041,100041
12,60,poison,aflatoxin,methidathion,bridge,1,1,0,,0,0,97600,97600,2440.9999999999973,2440.9999999999973,100041,100041
12,60,poison,aflatoxin,noise-001,noise,0.1,0.1,0,,0,0,97600,97600,2440.9999999999973,2440.9999999999973,100041,100041
12,60,poison,aflatoxin,noise-002,noise,0.1,0.1,0,,0,0,97600,97600,2440.9999999999973,2440.9999999999973,100041,100041
12,60,poison,aflatoxin,noise-003,noise,0.1,0.1,0,,0,0,97600,97600,2440.9999999999973,2440.9999999999973,100041,100041
12,60,poison,aflatoxin,noise-004,noise,0.1,0.1,0,,0,0,97600,97600,2440.9999999999973,2440.9999999999973,100041,100041
12,60,poison,aflatoxin,noise-005,noise,0.1,0.1,0,,0,0,97600,97600,2440.9999999999973,2440.9999999999973,100041,100041
12,60,poison,aflatoxin,noise-006,noise,0.1,0.1,0,,0,0,97600,97600,2440.9999999999973,2440.9999999999973,100041,100041
12,60,poison,aflatoxin,noise-007,noise,0.1,0.1,0,,0,0,97600,97600,2440.9999999999973,2440.9999999999973,100041,100041
12,60,poison,aflatoxin,noise-008,noise,0.1,0.1,0,,0,0,97600,97600,2440.9999999999973,2440.9999999999973,100041,100041
12,60,poison,aflatoxin,noise-009,noise,0.1,0.1,0,,0,0,97600,97600,2440.9999999999973,2440.9999999999973,100041,100041
12,60,poison,aflatoxin,noise-010,noise,0.1,0.1,0,,0,0,97600,97600,2440.9999999999973,2440.9999999999973,100041,100041
12,60,poison,aflatoxin,noise-011,noise,0.1,0.1,0,,0,0,97600,97600,2440.9999999999973,2440.9999999999973,100041,100041
12,60,poison,aflatoxin,noise-012,noise,0.1,0.1,0,,0,0,97600,97600,2440.9999999999973,2440.9999999999973,100041,100041
12,60,poison,aflatoxin,noise-013,noise,0.1,0.1,0,,0,0,97600,97600,2440.9999999999973,2440.9999999999973,100041,100041
12,60,poison,aflatoxin,noise-014,noise,0.1,0.1,0,,0,0,97600,97600,2440.9999999999973,2440.9999999999973,100041,100041
12,60,poison,aflatoxin,noise-015,noise,0.1,0.1,0,,0,0,97600,97600,2440.9999999999973,2440.9999999999973,100041,100041
12,60,poison,aflatoxin,noise-016,noise,0.1,0.1,0,,0,0,97600,97600,2440.9999999999973,2440.9999999999973,100041,100041
12,60,poison,aflatoxin,noise-017,noise,0.1,0.1,0,,0,0,97600,97600,2440.9999999999973,2440.9999999999973,100041,100041
12,60,poison,aflatoxin,noise-018,noise,0.1,0.1,0,,0,0,97600,97600,2440.9999999999973,2440.9999999999973,100041,100041
12,60,poison,aflatoxin,noise-019,noise,0.1,0.1,0,,0,0,97600,97600,2440.9999999999973,2440.9999999999973,100041,100041
12,60,poison,aflatoxin,noise-020,noise,0.1,0.1,0,,0,0,97600,97600,2440.9999999999973,2440.9999999999973,100041,100041
12,60,poison,aflatoxin,noise-021,noise,0.1,0.1,0,,0,0,97600,97600,2440.9999999999973,2440.9999999999973,100041,100041
12,60,poison,aflatoxin,noise-022,noise,0.1,0.1,0,,0,0,97600,97600,2440.9999999999973,2440.9999999999973,100041,100041
12,60,poison,aflatoxin,noise-023,noise,0.1,0.1,0,,0,0,97600,97600,2440.9999999999973,2440.9999999999973,100041,100041
12,60,poison,aflatoxin,noise-024,noise,0.1,0.1,0,,0,0,97600,97600,2440.9999999999973,2440.9999999999973,100041,100041
12,60,poison,aflatoxin,noise-025,noise,0.1,0.1,0,,0,0,97600,97600,2440.9999999999973,2440.9999999999973,100041,100041
12,60,poison,aflatoxin,noise-026,noise,0.1,0.1,0,,0,0,97600,97600,2440.9999999999973,2440.9999999999973,100041,100041
12,60,poison,aflatoxin,noise-027,noise,0.1,0.1,0,,0,0,97600,97600,2440.9999999999973,2440.9999999999973,100041,100041
12,60,poison,aflatoxin,noise-028,noise,0.1,0.1,0,,0,0,97600,97600,2440.9999999999973,2440.9999999999973,100041,100041
12,60,poison,aflatoxin,noise-029,noise,0.1,0.1,0,,0,0,97600,97600,2440.9999999999973,2440.9999999999973,100041,100041
12,60,poison,aflatoxin,noise-030,noise,0.1,0.1,0,,0,0,97600,97600,2440.9999999999973,2440.9999999999973,100041,100041
12,60,poison,aflatoxin,spider,insect,124.62,201,1,5,1,0,97600,97600,2440.9999999999973,2440.9999999999973,100041,100041
12,60,poison,aflatoxin,spider-hydramethylnon,insect,124.62,201,1,12,1,0,97600,97600,2440.9999999999973,2440.9999999999973,100041,100041
12,60,poison,aflatoxin,trichlorophenol,bridge,1,1,0,,0,0,97600,97600,2440.9999999999973,2440.9999999999973,100041,100041
13,65,poison,ammonia,abamectin,bridge,77.38,1,0,,0,1,97400,97400,2640.9999999999973,2640.9999999999973,100041,100041
13,65,poison,ammonia,acetamiprid,bridge,77.38,1,0,,0,1,97400,97400,2640.9999999999973,2640.9999999999973,100041,100041
13,65,poison,ammonia,aconite,poison,201,201,1,1,1,0,97400,97400,2640.9999999999973,2640.9999999999973,100041,100041
13,65,poison,ammonia,aflatoxin,poison,201,201,1,3,1,0,97400,97400,2640.9999999999973,2640.9999999999973,100041,100041
13,65,poison,ammonia,alachlor,bridge,77.38,1,0,,0,1,97400,97400,2640.9999999999973,2640.9999999999973,100041,100041
13,65,poison,ammonia,alcohol,poison,1,1,0,,0,0,97400,97400,2640.9999999999973,2640.9999999999973,100041,100041
13,65,poison,ammonia,aldicarb,bridge,1,1,0,,0,0,97400,97400,2640.9999999999973,2640.9999999999973,100041,100041
13,65,poison,ammonia,aldrin,bridge,1,1,0,,0,0,97400,97400,2640.9999999999973,2640.9999999999973,100041,100041
13,65,poison,ammonia,ammonia,poison,201,201,1,2,1,0,97400,97400,2640.9999999999973,2640.9999999999973,100041,100041
13,65,poison,ammonia,ant,insect,124.62,201,1,4,1,0,97400,97400,2640.9999999999973,2640.9999999999973,100041,100041
13,65,poison,ammonia,aphid,insect,124.62,201,1,5,1,0,97400,97400,2640.9999999999973,2640.9999999999973,100041,100041
13,65,poison,ammonia,aphid-fluvalinate,insect,124.62,201,1,10,1,0,97400,97400,2640.9999999999973,2640.9999999999973,100041,100041
13,65,poison,ammonia,armyworm-bendiocarb,insect,124.62,201,1,11,1,0,97400,97400,2640.9999999999973,2640.9999999999973,100041,100041
13,65,poison,ammonia,armyworm-ethion,insect,124.62,201,1,9,1,0,97400,97400,2640.9999999999973,2640.9999999999973,100041,100041
13,65,poison,ammonia,armyworm-fosmethilan,insect,124.62,201,1,12,1,0,97400,97400,2640.9999999999973,2640.9999999999973,100041,100041
13,65,poison,ammonia,arsenic,poison,1,1,0,,0,0,97400,97400,2640.9999999999973,2640.9999999999973,100041,100041
13,65,poison,ammonia,aspirin,poison,1,1,0,,0,0,97400,97400,2640.9999999999973,2640.9999999999973,100041,100041
13,65,poison,ammonia,azoxystrobin,poison,1,1,0,,0,0,97400,97400,2640.9999999999973,2640.9999999999973,100041,100041
13,65,poison,ammonia,beanpodborer,insect,124.62,201,1,8,1,0,97400,97400,2640.9999999999973,2640.9999999999973,100041,100041
13,65,poison,ammonia,beetwebworm,insect,124.62,201,1,7,1,0,97400,97400,2640.9999999999973,2640.9999999999973,100041,100041
13,65,poison,ammonia,benazolin,bridge,1,1,0,,0,0,97400,97400,2640.9999999999973,2640.9999999999973,100041,100041
13,65,poison,ammonia,bendiocarb,bridge,77.38,1,0,,0,1,97400,97400,2640.9999999999973,2640.9999999999973,100041,100041
13,65,poison,ammonia,botulinum,poison,1,1,0,,0,0,97400,97400,2640.9999999999973,2640.9999999999973,100041,100041
13,65,poison,ammonia,diazinon,bridge,1,1,0,,0,0,97400,97400,2640.9999999999973,2640.9999999999973,100041,100041
13,65,poison,ammonia,dichloropropene,bridge,1,1,0,,0,0,97400,97400,2640.9999999999973,2640.9999999999973,100041,100041
13,65,poison,ammonia,dicofol,bridge,1,1,0,,0,0,97400,97400,2640.9999999999973,2640.9999999999973,100041,100041
13,65,poison,ammonia,dinoseb,bridge,1,1,0,,0,0,97400,97400,2640.9999999999973,2640.9999999999973,100041,100041
13,65,poison,ammonia,ethiofencarb,bridge,1,1,0,,0,0,97400,97400,2640.9999999999973,2640.9999999999973,100041,100041
13,65,poison,ammonia,ethion,bridge,77.38,1,0,,0,1,97400,97400,2640.9999999999973,2640.9999999999973,100041,100041
13,65,poison,ammonia,fenson,bridge,77.38,1,0,,0,1,97400,97400,2640.9999999999973,2640.9999999999973,100041,100041
13,65,poison,ammonia,fluvalinate,bridge,77.38,1,0,,0,1,97400,97400,2640.9999999999973,2640.9999999999973,100041,100041
13,65,poison,ammonia,fosmethilan,bridge,77.38,1,0,,0,1,97400,97400,2640.9999999999973,2640.9999999999973,100041,100041
13,65,poison,ammonia,hydramethylnon,bridge,77.38,1,0,,0,1,97400,97400,2640.9999999999973,2640.9999999999973,100041,100041
13,65,poison,ammonia,lindane,bridge,77.38,1,0,,0,1,97400,97400,2640.9999999999973,2640.9999999999973,100041,100041
13,65,poison,ammonia,methidathion,bridge,1,1,0,,0,0,97400,97400,2640.9999999999973,2640.9999999999973,100041,100041
13,65,poison,ammonia,noise-001,noise,0.1,0.1,0,,0,0,97400,97400,2640.9999999999973,2640.9999999999973,100041,100041
13,65,poison,ammonia,noise-002,noise,0.1,0.1,0,,0,0,97400,97400,2640.9999999999973,2640.9999999999973,100041,100041
13,65,poison,ammonia,noise-003,noise,0.1,0.1,0,,0,0,97400,97400,2640.9999999999973,2640.9999999999973,100041,100041
13,65,poison,ammonia,noise-004,noise,0.1,0.1,0,,0,0,97400,97400,2640.9999999999973,2640.9999999999973,100041,100041
13,65,poison,ammonia,noise-005,noise,0.1,0.1,0,,0,0,97400,97400,2640.9999999999973,2640.9999999999973,100041,100041
13,65,poison,ammonia,noise-006,noise,0.1,0.1,0,,0,0,97400,97400,2640.9999999999973,2640.9999999999973,100041,100041
13,65,poison,ammonia,noise-007,noise,0.1,0.1,0,,0,0,97400,97400,2640.9999999999973,2640.9999999999973,100041,100041
13,65,poison,ammonia,noise-008,noise,0.1,0.1,0,,0,0,97400,97400,2640.9999999999973,2640.9999999999973,100041,100041
13,65,poison,ammonia,noise-009,noise,0.1,0.1,0,,0,0,97400,97400,2640.9999999999973,2640.9999999999973,100041,100041
13,65,poison,ammonia,noise-010,noise,0.1,0.1,0,,0,0,97400,97400,2640.9999999999973,2640.9999999999973,100041,100041
13,65,poison,ammonia,noise-011,noise,0.1,0.1,0,,0,0,97400,97400,2640.9999999999973,2640.9999999999973,100041,100041
13,65,poison,ammonia,noise-012,noise,0.1,0.1,0,,0,0,97400,97400,2640.9999999999973,2640.9999999999973,100041,100041
13,65,poison,ammonia,noise-013,noise,0.1,0.1,0,,0,0,97400,97400,2640.9999999999973,2640.9999999999973,100041,100041
13,65,poison,ammonia,noise-014,noise,0.1,0.1,0,,0,0,97400,97400,2640.9999999999973,2640.9999999999973,100041,100041
13,65,poison,ammonia,noise-015,noise,0.1,0.1,0,,0,0,97400,97400,2640.9999999999973,2640.9999999999973,100041,100041
13,65,poison,ammonia,noise-016,noise,0.1,0.1,0,,0,0,97400,97400,2640.9999999999973,2640.9999999999973,100041,100041
13,65,poison,ammonia,noise-017,noise,0.1,0.1,0,,0,0,97400,97400,2640.9999999999973,2640.9999999999973,100041,100041
13,65,poison,ammonia,noise-018,noise,0.1,0.1,0,,0,0,97400,97400,2640.9999999999973,2640.9999999999973,100041,100041
13,65,poison,ammonia,noise-019,noise,0.1,0.1,0,,0,0,97400,97400,2640.9999999999973,2640.9999999999973,100041,100041
13,65,poison,ammonia,noise-020,noise,0.1,0.1,0,,0,0,97400,97400,2640.9999999999973,2640.9999999999973,100041,100041
13,65,poison,ammonia,noise-021,noise,0.1,0.1,0,,0,0,97400,97400,2640.9999999999973,2640.9999999999973,100041,100041
13,65,poison,ammonia,noise-022,noise,0.1,0.1,0,,0,0,97400,97400,2640.9999999999973,2640.9999999999973,100041,100041
13,65,poison,ammonia,noise-023,noise,0.1,0.1,0,,0,0,97400,97400,2640.9999999999973,2640.9999999999973,100041,100041
13,65,poison,ammonia,noise-024,noise,0.1,0.1,0,,0,0,97400,97400,2640.9999999999973,2640.9999999999973,100041,100041
13,65,poison,ammonia,noise-025,noise,0.1,0.1,0,,0,0,97400,97400,2640.9999999999973,2640.9999999999973,100041,100041
13,65,poison,ammonia,noise-026,noise,0.1,0.1,0,,0,0,97400,97400,2640.9999999999973,2640.9999999999973,100041,100041
13,65,poison,ammonia,noise-027,noise,0.1,0.1,0,,0,0,97400,97400,2640.9999999999973,2640.9999999999973,100041,100041
13,65,poison,ammonia,noise-028,noise,0.1,0.1,0,,0,0,97400,97400,2640.9999999999973,2640.9999999999973,100041,100041
13,65,poison,ammonia,noise-029,noise,0.1,0.1,0,,0,0,97400,97400,2640.9999999999973,2640.9999999999973,100041,100041
13,65,poison,ammonia,noise-030,noise,0.1,0.1,0,,0,0,97400,97400,2640.9999999999973,2640.9999999999973,100041,100041
13,65,poison,ammonia,spider,insect,124.62,201,1,6,1,0,97400,97400,2640.9999999999973,2640.9999999999973,100041,100041
13,65,poison,ammonia,spider-hydramethylnon,insect,124.62,201,0,,1,0,97400,97400,2640.9999999999973,2640.9999999999973,100041,100041
13,65,poison,ammonia,trichlorophenol,bridge,1,1,0,,0,0,97400,97400,2640.9999999999973,2640.9999999999973,100041,100041
14,70,poison,arsenic,abamectin,bridge,77.38,1,0,,0,1,97200,97200,2840.9999999999973,2840.9999999999973,100041,100041
14,70,poison,arsenic,acetamiprid,bridge,77.38,1,0,,0,1,97200,97200,2840.9999999999973,2840.9999999999973,100041,100041
14,70,poison,arsenic,aconite,poison,201,201,1,1,1,0,97200,97200,2840.9999999999973,2840.9999999999973,100041,100041
14,70,poison,arsenic,aflatoxin,poison,201,201,1,4,1,0,97200,97200,2840.9999999999973,2840.9999999999973,100041,100041
14,70,poison,arsenic,alachlor,bridge,77.38,1,0,,0,1,97200,97200,2840.9999999999973,2840.9999999999973,100041,100041
14,70,poison,arsenic,alcohol,poison,1,1,0,,0,0,97200,97200,2840.9999999999973,2840.9999999999973,100041,100041
14,70,poison,arsenic,aldicarb,bridge,1,1,0,,0,0,97200,97200,2840.9999999999973,2840.9999999999973,100041,100041
14,70,poison,arsenic,aldrin,bridge,1,1,0,,0,0,97200,97200,2840.9999999999973,2840.9999999999973,100041,100041
14,70,poison,arsenic,ammonia,poison,201,201,1,2,1,0,97200,97200,2840.9999999999973,2840.9999999999973,100041,100041
14,70,poison,arsenic,ant,insect,124.62,201,1,5,1,0,97200,97200,2840.9999999999973,2840.9999999999973,100041,100041
14,70,poison,arsenic,aphid,insect,124.62,201,1,6,1,0,97200,97200,2840.9999999999973,2840.9999999999973,100041,100041
14,70,poison,arsenic,aphid-fluvalinate,insect,124.62,201,1,11,1,0,97200,97200,2840.9999999999973,2840.9999999999973,100041,100041
14,70,poison,arsenic,armyworm-bendiocarb,insect,124.62,201,1,12,1,0,97200,97200,2840.9999999999973,2840.9999999999973,100041,100041
14,70,poison,arsenic,armyworm-ethion,insect,124.62,201,1,10,1,0,97200,97200,2840.9999999999973,2840.9999999999973,100041,100041
14,70,poison,arsenic,armyworm-fosmethilan,insect,124.62,201,0,,1,0,97200,97200,2840.9999999999973,2840.9999999999973,100041,100041
14,70,poison,arsenic,arsenic,poison,201,201,1,3,1,0,97200,97200,2840.9999999999973,2840.9999999999973,100041,100041
14,70,poison,arsenic,aspirin,poison,1,1,0,,0,0,97200,97200,2840.9999999999973,2840.9999999999973,100041,100041
14,70,poison,arsenic,azoxystrobin,poison,1,1,0,,0,0,97200,97200,2840.9999999999973,2840.9999999999973,100041,100041
14,70,poison,arsenic,beanpodborer,insect,124.62,201,1,9,1,0,97200,97200,2840.9999999999973,2840.9999999999973,100041,100041
14,70,poison,arsenic,beetwebworm,insect,124.62,201,1,8,1,0,97200,97200,2840.9999999999973,2840.9999999999973,100041,100041
14,70,poison,arsenic,benazolin,bridge,1,1,0,,0,0,97200,97200,2840.9999999999973,2840.9999999999973,100041,100041
14,70,poison,arsenic,bendiocarb,bridge,77.38,1,0,,0,1,97200,97200,2840.9999999999973,2840.9999999999973,100041,100041
14,70,poison,arsenic,botulinum,poison,1,1,0,,0,0,97200,97200,2840.9999999999973,2840.9999999999973,100041,100041
14,70,poison,arsenic,diazinon,bridge,1,1,0,,0,0,97200,97200,2840.9999999999973,2840.9999999999973,100041,100041
14,70,poison,arsenic,dichloropropene,bridge,1,1,0,,0,0,97200,97200,2840.9999999999973,2840.9999999999973,100041,100041
14,70,poison,arsenic,dicofol,bridge,1,1,0,,0,0,97200,97200,2840.9999999999973,2840.9999999999973,100041,100041
14,70,poison,arsenic,dinoseb,bridge,1,1,0,,0,0,97200,97200,2840.9999999999973,2840.9999999999973,100041,100041
14,70,poison,arsenic,ethiofencarb,bridge,1,1,0,,0,0,97200,97200,2840.9999999999973,2840.9999999999973,100041,100041
14,70,poison,arsenic,ethion,bridge,77.38,1,0,,0,1,97200,97200,2840.9999999999973,2840.9999999999973,100041,100041
14,70,poison,arsenic,fenson,bridge,77.38,1,0,,0,1,97200,97200,2840.9999999999973,2840.9999999999973,100041,100041
14,70,poison,arsenic,fluvalinate,bridge,77.38,1,0,,0,1,97200,97200,2840.9999999999973,2840.9999999999973,100041,100041
14,70,poison,arsenic,fosmethilan,bridge,77.38,1,0,,0,1,97200,97200,2840.9999999999973,2840.9999999999973,100041,100041
14,70,poison,arsenic,hydramethylnon,bridge,77.38,1,0,,0,1,97200,97200,2840.9999999999973,2840.9999999999973,100041,100041
14,70,poison,arsenic,lindane,bridge,77.38,1,0,,0,1,97200,97200,2840.9999999999973,2840.9999999999973,100041,100041
14,70,poison,arsenic,methidathion,bridge,1,1,0,,0,0,97200,97200,2840.9999999999973,2840.9999999999973,100041,100041
14,70,poison,arsenic,noise-001,noise,0.1,0.1,0,,0,0,97200,97200,2840.9999999999973,2840.9999999999973,100041,100041
14,70,poison,arsenic,noise-002,noise,0.1,0.1,0,,0,0,97200,97200,2840.9999999999973,2840.9999999999973,100041,100041
14,70,poison,arsenic,noise-003,noise,0.1,0.1,0,,0,0,97200,97200,2840.9999999999973,2840.9999999999973,100041,100041
14,70,poison,arsenic,noise-004,noise,0.1,0.1,0,,0,0,97200,97200,2840.9999999999973,2840.9999999999973,100041,100041
14,70,poison,arsenic,noise-005,noise,0.1,0.1,0,,0,0,97200,97200,2840.9999999999973,2840.9999999999973,100041,100041
14,70,poison,arsenic,noise-006,noise,0.1,0.1,0,,0,0,97200,97200,2840.9999999999973,2840.9999999999973,100041,100041
14,70,poison,arsenic,noise-007,noise,0.1,0.1,0,,0,0,97200,97200,2840.9999999999973,2840.9999999999973,100041,100041
14,70,poison,arsenic,noise-008,noise,0.1,0.1,0,,0,0,97200,97200,2840.9999999999973,2840.9999999999973,100041,100041
14,70,poison,arsenic,noise-009,noise,0.1,0.1,0,,0,0,97200,97200,2840.9999999999973,2840.9999999999973,100041,100041
14,70,poison,arsenic,noise-010,noise,0.1,0.1,0,,0,0,97200,97200,2840.9999999999973,2840.9999999999973,100041,100041
14,70,poison,arsenic,noise-011,noise,0.1,0.1,0,,0,0,97200,97200,2840.9999999999973,2840.9999999999973,100041,100041
14,70,poison,arsenic,noise-012,noise,0.1,0.1,0,,0,0,97200,97200,2840.9999999999973,2840.9999999999973,100041,100041
14,70,poison,arsenic,noise-013,noise,0.1,0.1,0,,0,0,97200,97200,2840.9999999999973,2840.9999999999973,100041,100041
14,70,poison,arsenic,noise-014,noise,0.1,0.1,0,,0,0,97200,97200,2840.9999999999973,2840.9999999999973,100041,100041
14,70,poison,arsenic,noise-015,noise,0.1,0.1,0,,0,0,97200,97200,2840.9999999999973,2840.9999999999973,100041,100041
14,70,poison,arsenic,noise-016,noise,0.1,0.1,0,,0,0,97200,97200,2840.9999999999973,2840.9999999999973,100041,100041
14,70,poison,arsenic,noise-017,noise,0.1,0.1,0,,0,0,97200,97200,2840.9999999999973,2840.9999999999973,100041,100041
14,70,poison,arsenic,noise-018,noise,0.1,0.1,0,,0,0,97200,97200,2840.9999999999973,2840.9999999999973,100041,100041
14,70,poison,arsenic,noise-019,noise,0.1,0.1,0,,0,0,97200,97200,2840.9999999999973,2840.9999999999973,100041,100041
14,70,poison,arsenic,noise-020,noise,0.1,0.1,0,,0,0,97200,97200,2840.9999999999973,2840.9999999999973,100041,100041
14,70,poison,arsenic,noise-021,noise,0.1,0.1,0,,0,0,97200,97200,2840.9999999999973,2840.9999999999973,100041,100041
14,70,poison,arsenic,noise-022,noise,0.1,0.1,0,,0,0,97200,97200,2840.9999999999973,2840.9999999999973,100041,100041
14,70,poison,arsenic,noise-023,noise,0.1,0.1,0,,0,0,97200,97200,2840.9999999999973,2840.9999999999973,100041,100041
14,70,poison,arsenic,noise-024,noise,0.1,0.1,0,,0,0,97200,97200,2840.9999999999973,2840.9999999999973,100041,100041
14,70,poison,arsenic,noise-025,noise,0.1,0.1,0,,0,0,97200,97200,2840.9999999999973,2840.9999999999973,100041,100041
14,70,poison,arsenic,noise-026,noise,0.1,0.1,0,,0,0,97200,97200,2840.9999999999973,2840.9999999999973,100041,100041
14,70,poison,arsenic,noise-027,noise,0.1,0.1,0,,0,0,97200,97200,2840.9999999999973,2840.9999999999973,100041,100041
14,70,poison,arsenic,noise-028,noise,0.1,0.1,0,,0,0,97200,97200,2840.9999999999973,2840.9999999999973,100041,100041
14,70,poison,arsenic,noise-029,noise,0.1,0.1,0,,0,0,97200,97200,2840.9999999999973,2840.9999999999973,100041,100041
14,70,poison,arsenic,noise-030,noise,0.1,0.1,0,,0,0,97200,97200,2840.9999999999973,2840.9999999999973,100041,100041
14,70,poison,arsenic,spider,insect,124.62,201,1,7,1,0,97200,97200,2840.9999999999973,2840.9999999999973,100041,100041
14,70,poison,arsenic,spider-hydramethylnon,insect,124.62,201,0,,1,0,97200,97200,2840.9999999999973,2840.9999999999973,100041,100041
14,70,poison,arsenic,trichlorophenol,bridge,1,1,0,,0,0,97200,97200,2840.9999999999973,2840.9999999999973,100041,100041
15,75,poison,alcohol,abamectin,bridge,77.38,1,0,,0,1,97000,97000,3040.999999999997,3040.9999999999973,100041,100041
15,75,poison,alcohol,acetamiprid,bridge,77.38,1,0,,0,1,97000,97000,3040.999999999997,3040.9999999999973,100041,100041
15,75,poison,alcohol,aconite,poison,201,201,1,1,1,0,97000,97000,3040.999999999997,3040.9999999999973,100041,100041
15,75,poison,alcohol,aflatoxin,poison,201,201,1,5,1,0,97000,97000,3040.999999999997,3040.9999999999973,100041,100041
15,75,poison,alcohol,alachlor,bridge,77.38,1,0,,0,1,97000,97000,3040.999999999997,3040.9999999999973,100041,100041
15,75,poison,alcohol,alcohol,poison,201,201,1,2,1,0,97000,97000,3040.999999999997,3040.9999999999973,100041,100041
15,75,poison,alcohol,aldicarb,bridge,1,1,0,,0,0,97000,97000,3040.999999999997,3040.9999999999973,100041,100041
15,75,poison,alcohol,aldrin,bridge,1,1,0,,0,0,97000,97000,3040.999999999997,3040.9999999999973,100041,100041
15,75,poison,alcohol,ammonia,poison,201,201,1,3,1,0,97000,97000,3040.999999999997,3040.9999999999973,100041,100041
15,75,poison,alcohol,ant,insect,124.62,201,1,6,1,0,97000,97000,3040.999999999997,3040.9999999999973,100041,100041
15,75,poison,alcohol,aphid,insect,124.62,201,1,7,1,0,97000,97000,3040.999999999997,3040.9999999999973,100041,100041
15,75,poison,alcohol,aphid-fluvalinate,insect,124.62,201,1,12,1,0,97000,97000,3040.999999999997,3040.9999999999973,100041,100041
15,75,poison,alcohol,armyworm-bendiocarb,insect,124.62,201,0,,1,0,97000,97000,3040.999999999997,3040.9999999999973,100041,100041
15,75,poison,alcohol,armyworm-ethion,insect,124.62,201,1,11,1,0,97000,97000,3040.999999999997,3040.9999999999973,100041,100041
15,75,poison,alcohol,armyworm-fosmethilan,insect,124.62,201,0,,1,0,97000,97000,3040.999999999997,3040.9999999999973,100041,100041
15,75,poison,alcohol,arsenic,poison,201,201,1,4,1,0,97000,97000,3040.999999999997,3040.9999999999973,100041,100041
15,75,poison,alcohol,aspirin,poison,1,1,0,,0,0,97000,97000,3040.999999999997,3040.9999999999973,100041,100041
15,75,poison,alcohol,azoxystrobin,poison,1,1,0,,0,0,97000,97000,3040.999999999997,3040.9999999999973,100041,100041
15,75,poison,alcohol,beanpodborer,insect,124.62,201,1,10,1,0,97000,97000,3040.999999999997,3040.9999999999973,100041,100041
15,75,poison,alcohol,beetwebworm,insect,124.62,201,1,9,1,0,97000,97000,3040.999999999997,3040.9999999999973,100041,100041
15,75,poison,alcohol,benazolin,bridge,1,1,0,,0,0,97000,97000,3040.999999999997,3040.9999999999973,100041,100041
15,75,poison,alcohol,bendiocarb,bridge,77.38,1,0,,0,1,97000,97000,3040.999999999997,3040.9999999999973,100041,100041
15,75,poison,alcohol,botulinum,poison,1,1,0,,0,0,97000,97000,3040.999999999997,3040.9999999999973,100041,100041
15,75,poison,alcohol,diazinon,bridge,1,1,0,,0,0,97000,97000,3040.999999999997,3040.9999999999973,100041,100041
15,75,poison,alcohol,dichloropropene,bridge,1,1,0,,0,0,97000,97000,3040.999999999997,3040.9999999999973,100041,100041
15,75,poison,alcohol,dicofol,bridge,1,1,0,,0,0,97000,97000,3040.999999999997,3040.9999999999973,100041,100041
15,75,poison,alcohol,dinoseb,bridge,1,1,0,,0,0,97000,97000,3040.999999999997,3040.9999999999973,100041,100041
15,75,poison,alcohol,ethiofencarb,bridge,1,1,0,,0,0,97000,97000,3040.999999999997,3040.9999999999973,100041,100041
15,75,poison,alcohol,ethion,bridge,77.38,1,0,,0,1,97000,97000,3040.999999999997,3040.9999999999973,100041,100041
15,75,poison,alcohol,fenson,bridge,77.38,1,0,,0,1,97000,97000,3040.999999999997,3040.9999999999973,100041,100041
15,75,poison,alcohol,fluvalinate,bridge,77.38,1,0,,0,1,97000,97000,3040.999999999997,3040.9999999999973,100041,100041
15,75,poison,alcohol,fosmethilan,bridge,77.38,1,0,,0,1,97000,97000,3040.999999999997,3040.9999999999973,100041,100041
15,75,poison,alcohol,hydramethylnon,bridge,77.38,1,0,,0,1,97000,97000,3040.999999999997,3040.9999999999973,100041,100041
15,75,poison,alcohol,lindane,bridge,77.38,1,0,,0,1,97000,97000,3040.999999999997,3040.9999999999973,100041,100041
15,75,poison,alcohol,methidathion,bridge,1,1,0,,0,0,97000,97000,3040.999999999997,3040.9999999999973,100041,100041
15,75,poison,alcohol,noise-001,noise,0.1,0.1,0,,0,0,97000,97000,3040.999999999997,3040.9999999999973,100041,100041
15,75,poison,alcohol,noise-002,noise,0.1,0.1,0,,0,0,97000,97000,3040.999999999997,3040.9999999999973,100041,100041
15,75,poison,alcohol,noise-003,noise,0.1,0.1,0,,0,0,97000,97000,3040.999999999997,3040.9999999999973,100041,100041
15,75,poison,alcohol,noise-004,noise,0.1,0.1,0,,0,0,97000,97000,3040.999999999997,3040.9999999999973,100041,100041
15,75,poison,alcohol,noise-005,noise,0.1,0.1,0,,0,0,97000,97000,3040.999999999997,3040.9999999999973,100041,100041
15,75,poison,alcohol,noise-006,noise,0.1,0.1,0,,0,0,97000,97000,3040.999999999997,3040.9999999999973,100041,100041
15,75,poison,alcohol,noise-007,noise,0.1,0.1,0,,0,0,97000,97000,3040.999999999997,3040.9999999999973,100041,100041
15,75,poison,alcohol,noise-008,noise,0.1,0.1,0,,0,0,97000,97000,3040.999999999997,3040.9999999999973,100041,100041
15,75,poison,alcohol,noise-009,noise,0.1,0.1,0,,0,0,97000,97000,3040.999999999997,3040.9999999999973,100041,100041
15,75,poison,alcohol,noise-010,noise,0.1,0.1,0,,0,0,97000,97000,3040.999999999997,3040.9999999999973,100041,100041
15,75,poison,alcohol,noise-011,noise,0.1,0.1,0,,0,0,97000,97000,3040.999999999997,3040.9999999999973,100041,100041
15,75,poison,alcohol,noise-012,noise,0.1,0.1,0,,0,0,97000,97000,3040.999999999997,3040.9999999999973,100041,100041
15,75,poison,alcohol,noise-013,noise,0.1,0.1,0,,0,0,97000,97000,3040.999999999997,3040.9999999999973,100041,100041
15,75,poison,alcohol,noise-014,noise,0.1,0.1,0,,0,0,97000,97000,3040.999999999997,3040.9999999999973,100041,100041
15,75,poison,alcohol,noise-015,noise,0.1,0.1,0,,0,0,97000,97000,3040.999999999997,3040.9999999999973,100041,100041
15,75,poison,alcohol,noise-016,noise,0.1,0.1,0,,0,0,97000,97000,3040.999999999997,3040.9999999999973,100041,100041
15,75,poison,alcohol,noise-017,noise,0.1,0.1,0,,0,0,97000,97000,3040.999999999997,3040.9999999999973,100041,100041
15,75,poison,alcohol,noise-018,noise,0.1,0.1,0,,0,0,97000,97000,3040.999999999997,3040.9999999999973,100041,100041
15,75,poison,alcohol,noise-019,noise,0.1,0.1,0,,0,0,97000,97000,3040.999999999997,3040.9999999999973,100041,100041
15,75,poison,alcohol,noise-020,noise,0.1,0.1,0,,0,0,97000,97000,3040.999999999997,3040.9999999999973,100041,100041
15,75,poison,alcohol,noise-021,noise,0.1,0.1,0,,0,0,97000,97000,3040.999999999997,3040.9999999999973,100041,100041
15,75,poison,alcohol,noise-022,noise,0.1,0.1,0,,0,0,97000,97000,3040.999999999997,3040.9999999999973,100041,100041
15,75,poison,alcohol,noise-023,noise,0.1,0.1,0,,0,0,97000,97000,3040.999999999997,3040.9999999999973,100041,100041
15,75,poison,alcohol,noise-024,noise,0.1,0.1,0,,0,0,97000,97000,3040.999999999997,3040.9999999999973,100041,100041
15,75,poison,alcohol,noise-025,noise,0.1,0.1,0,,0,0,97000,97000,3040.999999999997,3040.9999999999973,100041,100041
15,75,poison,alcohol,noise-026,noise,0.1,0.1,0,,0,0,97000,97000,3040.999999999997,3040.9999999999973,100041,100041
15,75,poison,alcohol,noise-027,noise,0.1,0.1,0,,0,0,97000,97000,3040.999999999997,3040.9999999999973,100041,100041
15,75,poison,alcohol,noise-028,noise,0.1,0.1,0,,0,0,97000,97000,3040.999999999997,3040.9999999999973,100041,100041
15,75,poison,alcohol,noise-029,noise,0.1,0.1,0,,0,0,97000,97000,3040.999999999997,3040.9999999999973,100041,100041
15,75,poison,alcohol,noise-030,noise,0.1,0.1,0,,0,0,97000,97000,3040.999999999997,3040.9999999999973,100041,100041
15,75,poison,alcohol,spider,insect,124.62,201,1,8,1,0,97000,97000,3040.999999999997,3040.9999999999973,100041,100041
15,75,poison,alcohol,spider-hydramethylnon,insect,124.62,201,0,,1,0,97000,97000,3040.999999999997,3040.9999999999973,100041,100041
15,75,poison,alcohol,trichlorophenol,bridge,1,1,0,,0,0,97000,97000,3040.999999999997,3040.9999999999973,100041,100041
16,80,poison,aspirin,abamectin,bridge,77.38,1,0,,0,1,96800,96800,3240.999999999997,3240.9999999999973,100041,100041
16,80,poison,aspirin,acetamiprid,bridge,77.38,1,0,,0,1,96800,96800,3240.999999999997,3240.9999999999973,100041,100041
16,80,poison,aspirin,aconite,poison,201,201,1,1,1,0,96800,96800,3240.999999999997,3240.9999999999973,100041,100041
16,80,poison,aspirin,aflatoxin,poison,201,201,1,6,1,0,96800,96800,3240.999999999997,3240.9999999999973,100041,100041
16,80,poison,aspirin,alachlor,bridge,77.38,1,0,,0,1,96800,96800,3240.999999999997,3240.9999999999973,100041,100041
16,80,poison,aspirin,alcohol,poison,201,201,1,2,1,0,96800,96800,3240.999999999997,3240.9999999999973,100041,100041
16,80,poison,aspirin,aldicarb,bridge,1,1,0,,0,0,96800,96800,3240.999999999997,3240.9999999999973,100041,100041
16,80,poison,aspirin,aldrin,bridge,1,1,0,,0,0,96800,96800,3240.999999999997,3240.9999999999973,100041,100041
16,80,poison,aspirin,ammonia,poison,201,201,1,3,1,0,96800,96800,3240.999999999997,3240.9999999999973,100041,100041
16,80,poison,aspirin,ant,insect,124.62,201,1,7,1,0,96800,96800,3240.999999999997,3240.9999999999973,100041,100041
16,80,poison,aspirin,aphid,insect,124.62,201,1,8,1,0,96800,96800,3240.999999999997,3240.9999999999973,100041,100041
16,80,poison,aspirin,aphid-fluvalinate,insect,124.62,201,0,,1,0,96800,96800,3240.999999999997,3240.9999999999973,100041,100041
16,80,poison,aspirin,armyworm-bendiocarb,insect,124.62,201,0,,1,0,96800,96800,3240.999999999997,3240.9999999999973,100041,100041
16,80,poison,aspirin,armyworm-ethion,insect,124.62,201,1,12,1,0,96800,96800,3240.999999999997,3240.9999999999973,100041,100041
16,80,poison,aspirin,armyworm-fosmethilan,insect,124.62,201,0,,1,0,96800,96800,3240.999999999997,3240.9999999999973,100041,100041
16,80,poison,aspirin,arsenic,poison,201,201,1,4,1,0,96800,96800,3240.999999999997,3240.9999999999973,100041,100041
16,80,poison,aspirin,aspirin,poison,201,201,1,5,1,0,96800,96800,3240.999999999997,3240.9999999999973,100041,100041
16,80,poison,aspirin,azoxystrobin,poison,1,1,0,,0,0,96800,96800,3240.999999999997,3240.9999999999973,100041,100041
16,80,poison,aspirin,beanpodborer,insect,124.62,201,1,11,1,0,96800,96800,3240.999999999997,3240.9999999999973,100041,100041
16,80,poison,aspirin,beetwebworm,insect,124.62,201,1,10,1,0,96800,96800,3240.999999999997,3240.9999999999973,100041,100041
16,80,poison,aspirin,benazolin,bridge,1,1,0,,0,0,96800,96800,3240.999999999997,3240.9999999999973,100041,100041
16,80,poison,aspirin,bendiocarb,bridge,77.38,1,0,,0,1,96800,96800,3240.999999999997,3240.9999999999973,100041,100041
16,80,poison,aspirin,botulinum,poison,1,1,0,,0,0,96800,96800,3240.999999999997,3240.9999999999973,100041,100041
16,80,poison,aspirin,diazinon,bridge,1,1,0,,0,0,96800,96800,3240.999999999997,3240.9999999999973,100041,100041
16,80,poison,aspirin,dichloropropene,bridge,1,1,0,,0,0,96800,96800,3240.999999999997,3240.9999999999973,100041,100041
16,80,poison,aspirin,dicofol,bridge,1,1,0,,0,0,96800,96800,3240.999999999997,3240.9999999999973,100041,100041
16,80,poison,aspirin,dinoseb,bridge,1,1,0,,0,0,96800,96800,3240.999999999997,3240.9999999999973,100041,100041
16,80,poison,aspirin,ethiofencarb,bridge,1,1,0,,0,0,96800,96800,3240.999999999997,3240.9999999999973,100041,100041
16,80,poison,aspirin,ethion,bridge,77.38,1,0,,0,1,96800,96800,3240.999999999997,3240.9999999999973,100041,100041
16,80,poison,aspirin,fenson,bridge,77.38,1,0,,0,1,96800,96800,3240.999999999997,3240.9999999999973,100041,100041
16,80,poison,aspirin,fluvalinate,bridge,77.38,1,0,,0,1,96800,96800,3240.999999999997,3240.9999999999973,100041,100041
16,80,poison,aspirin,fosmethilan,bridge,77.38,1,0,,0,1,96800,96800,3240.999999999997,3240.9999999999973,100041,100041
16,80,poison,aspirin,hydramethylnon,bridge,77.38,1,0,,0,1,96800,96800,3240.999999999997,3240.9999999999973,100041,100041
16,80,poison,aspirin,lindane,bridge,77.38,1,0,,0,1,96800,96800,3240.999999999997,3240.9999999999973,100041,100041
16,80,poison,aspirin,methidathion,bridge,1,1,0,,0,0,96800,96800,3240.999999999997,3240.9999999999973,100041,100041
16,80,poison,aspirin,noise-001,noise,0.1,0.1,0,,0,0,96800,96800,3240.999999999997,3240.9999999999973,100041,100041
16,80,poison,aspirin,noise-002,noise,0.1,0.1,0,,0,0,96800,96800,3240.999999999997,3240.9999999999973,100041,100041
16,80,poison,aspirin,noise-003,noise,0.1,0.1,0,,0,0,96800,96800,3240.999999999997,3240.9999999999973,100041,100041
16,80,poison,aspirin,noise-004,noise,0.1,0.1,0,,0,0,96800,96800,3240.999999999997,3240.9999999999973,100041,100041
16,80,poison,aspirin,noise-005,noise,0.1,0.1,0,,0,0,96800,96800,3240.999999999997,3240.9999999999973,100041,100041
16,80,poison,aspirin,noise-006,noise,0.1,0.1,0,,0,0,96800,96800,3240.999999999997,3240.9999999999973,100041,100041
16,80,poison,aspirin,noise-007,noise,0.1,0.1,0,,0,0,96800,96800,3240.999999999997,3240.9999999999973,100041,100041
16,80,poison,aspirin,noise-008,noise,0.1,0.1,0,,0,0,96800,96800,3240.999999999997,3240.9999999999973,100041,100041
16,80,poison,aspirin,noise-009,noise,0.1,0.1,0,,0,0,96800,96800,3240.999999999997,3240.9999999999973,100041,100041
16,80,poison,aspirin,noise-010,noise,0.1,0.1,0,,0,0,96800,96800,3240.999999999997,3240.9999999999973,100041,100041
16,80,poison,aspirin,noise-011,noise,0.1,0.1,0,,0,0,96800,96800,3240.999999999997,3240.9999999999973,100041,100041
16,80,poison,aspirin,noise-012,noise,0.1,0.1,0,,0,0,96800,96800,3240.999999999997,3240.9999999999973,100041,100041
16,80,poison,aspirin,noise-013,noise,0.1,0.1,0,,0,0,96800,96800,3240.999999999997,3240.9999999999973,100041,100041
16,80,poison,aspirin,noise-014,noise,0.1,0.1,0,,0,0,96800,96800,3240.999999999997,3240.9999999999973,100041,100041
16,80,poison,aspirin,noise-015,noise,0.1,0.1,0,,0,0,96800,96800,3240.999999999997,3240.9999999999973,100041,100041
16,80,poison,aspirin,noise-016,noise,0.1,0.1,0,,0,0,96800,96800,3240.999999999997,3240.9999999999973,100041,100041
16,80,poison,aspirin,noise-017,noise,0.1,0.1,0,,0,0,96800,96800,3240.999999999997,3240.9999999999973,100041,100041
16,80,poison,aspirin,noise-018,noise,0.1,0.1,0,,0,0,96800,96800,3240.999999999997,3240.9999999999973,100041,100041
16,80,poison,aspirin,noise-019,noise,0.1,0.1,0,,0,0,96800,96800,3240.999999999997,3240.9999999999973,100041,100041
16,80,poison,aspirin,noise-020,noise,0.1,0.1,0,,0,0,96800,96800,3240.999999999997,3240.9999999999973,100041,100041
16,80,poison,aspirin,noise-021,noise,0.1,0.1,0,,0,0,96800,96800,3240.999999999997,3240.9999999999973,100041,100041
16,80,poison,aspirin,noise-022,noise,0.1,0.1,0,,0,0,96800,96800,3240.999999999997,3240.9999999999973,100041,100041
16,80,poison,aspirin,noise-023,noise,0.1,0.1,0,,0,0,96800,96800,3240.999999999997,3240.9999999999973,100041,100041
16,80,poison,aspirin,noise-024,noise,0.1,0.1,0,,0,0,96800,96800,3240.999999999997,3240.9999999999973,100041,100041
16,80,poison,aspirin,noise-025,noise,0.1,0.1,0,,0,0,96800,96800,3240.999999999997,3240.9999999999973,100041,100041
16,80,poison,aspirin,noise-026,noise,0.1,0.1,0,,0,0,96800,96800,3240.999999999997,3240.9999999999973,100041,100041
16,80,poison,aspirin,noise-027,noise,0.1,0.1,0,,0,0,96800,96800,3240.999999999997,3240.9999999999973,100041,100041
16,80,poison,aspirin,noise-028,noise,0.1,0.1,0,,0,0,96800,96800,3240.999999999997,3240.9999999999973,100041,100041
16,80,poison,aspirin,noise-029,noise,0.1,0.1,0,,0,0,96800,96800,3240.999999999997,3240.9999999999973,100041,100041
16,80,poison,aspirin,noise-030,noise,0.1,0.1,0,,0,0,96800,96800,3240.999999999997,3240.9999999999973,100041,100041
16,80,poison,aspirin,spider,insect,124.62,201,1,9,1,0,96800,96800,3240.999999999997,3240.9999999999973,100041,100041
16,80,poison,aspirin,spider-hydramethylnon,insect,124.62,201,0,,1,0,96800,96800,3240.999999999997,3240.9999999999973,100041,100041
16,80,poison,aspirin,trichlorophenol,bridge,1,1,0,,0,0,96800,96800,3240.999999999997,3240.9999999999973,100041,100041
17,85,poison,azoxystrobin,abamectin,bridge,77.38,1,0,,0,1,96600,96600,3440.999999999997,3440.9999999999973,100041,100041
17,85,poison,azoxystrobin,acetamiprid,bridge,77.38,1,0,,0,1,96600,96600,3440.999999999997,3440.9999999999973,100041,100041
17,85,poison,azoxystrobin,aconite,poison,201,201,1,1,1,0,96600,96600,3440.999999999997,3440.9999999999973,100041,100041
17,85,poison,azoxystrobin,aflatoxin,poison,201,201,1,6,1,0,96600,96600,3440.999999999997,3440.9999999999973,100041,100041
17,85,poison,azoxystrobin,alachlor,bridge,77.38,1,0,,0,1,96600,96600,3440.999999999997,3440.9999999999973,100041,100041
17,85,poison,azoxystrobin,alcohol,poison,201,201,1,2,1,0,96600,96600,3440.999999999997,3440.9999999999973,100041,100041
17,85,poison,azoxystrobin,aldicarb,bridge,1,1,0,,0,0,96600,96600,3440.999999999997,3440.9999999999973,100041,100041
17,85,poison,azoxystrobin,aldrin,bridge,1,1,0,,0,0,96600,96600,3440.999999999997,3440.9999999999973,100041,100041
17,85,poison,azoxystrobin,ammonia,poison,201,201,1,3,1,0,96600,96600,3440.999999999997,3440.9999999999973,100041,100041
17,85,poison,azoxystrobin,ant,insect,124.62,201,1,8,1,0,96600,96600,3440.999999999997,3440.9999999999973,100041,100041
17,85,poison,azoxystrobin,aphid,insect,124.62,201,1,9,1,0,96600,96600,3440.999999999997,3440.9999999999973,100041,100041
17,85,poison,azoxystrobin,aphid-fluvalinate,insect,124.62,201,0,,1,0,96600,96600,3440.999999999997,3440.9999999999973,100041,100041
17,85,poison,azoxystrobin,armyworm-bendiocarb,insect,124.62,201,0,,1,0,96600,96600,3440.999999999997,3440.9999999999973,100041,100041
17,85,poison,azoxystrobin,armyworm-ethion,insect,124.62,201,0,,1,0,96600,96600,3440.999999999997,3440.9999999999973,100041,100041
17,85,poison,azoxystrobin,armyworm-fosmethilan,insect,124.62,201,0,,1,0,96600,96600,3440.999999999997,3440.9999999999973,100041,100041
17,85,poison,azoxystrobin,arsenic,poison,201,201,1,4,1,0,96600,96600,3440.999999999997,3440.9999999999973,100041,100041
17,85,poison,azoxystrobin,aspirin,poison,201,201,1,5,1,0,96600,96600,3440.999999999997,3440.9999999999973,100041,100041
17,85,poison,azoxystrobin,azoxystrobin,poison,201,201,1,7,1,0,96600,96600,3440.999999999997,3440.9999999999973,100041,100041
17,85,poison,azoxystrobin,beanpodborer,insect,124.62,201,1,12,1,0,96600,96600,3440.999999999997,3440.9999999999973,100041,100041
17,85,poison,azoxystrobin,beetwebworm,insect,124.62,201,1,11,1,0,96600,96600,3440.999999999997,3440.9999999999973,100041,100041
17,85,poison,azoxystrobin,benazolin,bridge,1,1,0,,0,0,96600,96600,3440.999999999997,3440.9999999999973,100041,100041
17,85,poison,azoxystrobin,bendiocarb,bridge,77.38,1,0,,0,1,96600,96600,3440.999999999997,3440.9999999999973,100041,100041
17,85,poison,azoxystrobin,botulinum,poison,1,1,0,,0,0,96600,96600,3440.999999999997,3440.9999999999973,100041,100041
17,85,poison,azoxystrobin,diazinon,bridge,1,1,0,,0,0,96600,96600,3440.999999999997,3440.9999999999973,100041,100041
17,85,poison,azoxystrobin,dichloropropene,bridge,1,1,0,,0,0,96600,96600,3440.999999999997,3440.9999999999973,100041,100041
17,85,poison,azoxystrobin,dicofol,bridge,1,1,0,,0,0,96600,96600,3440.999999999997,3440.9999999999973,100041,100041
17,85,poison,azoxystrobin,dinoseb,bridge,1,1,0,,0,0,96600,96600,3440.999999999997,3440.9999999999973,100041,100041
17,85,poison,azoxystrobin,ethiofencarb,bridge,1,1,0,,0,0,96600,96600,3440.999999999997,3440.9999999999973,100041,100041
17,85,poison,azoxystrobin,ethion,bridge,77.38,1,0,,0,1,96600,96600,3440.999999999997,3440.9999999999973,100041,100041
17,85,poison,azoxystrobin,fenson,bridge,77.38,1,0,,0,1,96600,96600,3440.999999999997,3440.9999999999973,100041,100041
17,85,poison,azoxystrobin,fluvalinate,bridge,77.38,1,0,,0,1,96600,96600,3440.999999999997,3440.9999999999973,100041,100041
17,85,poison,azoxystrobin,fosmethilan,bridge,77.38,1,0,,0,1,96600,96600,3440.999999999997,3440.9999999999973,100041,100041
17,85,poison,azoxystrobin,hydramethylnon,bridge,77.38,1,0,,0,1,96600,96600,3440.999999999997,3440.9999999999973,100041,100041
17,85,poison,azoxystrobin,lindane,bridge,77.38,1,0,,0,1,96600,96600,3440.999999999997,3440.9999999999973,100041,100041
17,85,poison,azoxystrobin,methidathion,bridge,1,1,0,,0,0,96600,96600,3440.999999999997,3440.9999999999973,100041,100041
17,85,poison,azoxystrobin,noise-001,noise,0.1,0.1,0,,0,0,96600,96600,3440.999999999997,3440.9999999999973,100041,100041
17,85,poison,azoxystrobin,noise-002,noise,0.1,0.1,0,,0,0,96600,96600,3440.999999999997,3440.9999999999973,100041,100041
17,85,poison,azoxystrobin,noise-003,noise,0.1,0.1,0,,0,0,96600,96600,3440.999999999997,3440.9999999999973,100041,100041
17,85,poison,azoxystrobin,noise-004,noise,0.1,0.1,0,,0,0,96600,96600,3440.999999999997,3440.9999999999973,100041,100041
17,85,poison,azoxystrobin,noise-005,noise,0.1,0.1,0,,0,0,96600,96600,3440.999999999997,3440.9999999999973,100041,100041
17,85,poison,azoxystrobin,noise-006,noise,0.1,0.1,0,,0,0,96600,96600,3440.999999999997,3440.9999999999973,100041,100041
17,85,poison,azoxystrobin,noise-007,noise,0.1,0.1,0,,0,0,96600,96600,3440.999999999997,3440.9999999999973,100041,100041
17,85,poison,azoxystrobin,noise-008,noise,0.1,0.1,0,,0,0,96600,96600,3440.999999999997,3440.9999999999973,100041,100041
17,85,poison,azoxystrobin,noise-009,noise,0.1,0.1,0,,0,0,96600,96600,3440.999999999997,3440.9999999999973,100041,100041
17,85,poison,azoxystrobin,noise-010,noise,0.1,0.1,0,,0,0,96600,96600,3440.999999999997,3440.9999999999973,100041,100041
17,85,poison,azoxystrobin,noise-011,noise,0.1,0.1,0,,0,0,96600,96600,3440.999999999997,3440.9999999999973,100041,100041
17,85,poison,azoxystrobin,noise-012,noise,0.1,0.1,0,,0,0,96600,96600,3440.999999999997,3440.9999999999973,100041,100041
17,85,poison,azoxystrobin,noise-013,noise,0.1,0.1,0,,0,0,96600,96600,3440.999999999997,3440.9999999999973,100041,100041
17,85,poison,azoxystrobin,noise-014,noise,0.1,0.1,0,,0,0,96600,96600,3440.999999999997,3440.9999999999973,100041,100041
17,85,poison,azoxystrobin,noise-015,noise,0.1,0.1,0,,0,0,96600,96600,3440.999999999997,3440.9999999999973,100041,100041
17,85,poison,azoxystrobin,noise-016,noise,0.1,0.1,0,,0,0,96600,96600,3440.999999999997,3440.9999999999973,100041,100041
17,85,poison,azoxystrobin,noise-017,noise,0.1,0.1,0,,0,0,96600,96600,3440.999999999997,3440.9999999999973,100041,100041
17,85,poison,azoxystrobin,noise-018,noise,0.1,0.1,0,,0,0,96600,96600,3440.999999999997,3440.9999999999973,100041,100041
17,85,poison,azoxystrobin,noise-019,noise,0.1,0.1,0,,0,0,96600,96600,3440.999999999997,3440.9999999999973,100041,100041
17,85,poison,azoxystrobin,noise-020,noise,0.1,0.1,0,,0,0,96600,96600,3440.999999999997,3440.9999999999973,100041,100041
17,85,poison,azoxystrobin,noise-021,noise,0.1,0.1,0,,0,0,96600,96600,3440.999999999997,3440.9999999999973,100041,100041
17,85,poison,azoxystrobin,noise-022,noise,0.1,0.1,0,,0,0,96600,96600,3440.999999999997,3440.9999999999973,100041,100041
17,85,poison,azoxystrobin,noise-023,noise,0.1,0.1,0,,0,0,96600,96600,3440.999999999997,3440.9999999999973,100041,100041
17,85,poison,azoxystrobin,noise-024,noise,0.1,0.1,0,,0,0,96600,96600,3440.999999999997,3440.9999999999973,100041,100041
17,85,poison,azoxystrobin,noise-025,noise,0.1,0.1,0,,0,0,96600,96600,3440.999999999997,3440.9999999999973,100041,100041
17,85,poison,azoxystrobin,noise-026,noise,0.1,0.1,0,,0,0,96600,96600,3440.999999999997,3440.9999999999973,100041,100041
17,85,poison,azoxystrobin,noise-027,noise,0.1,0.1,0,,0,0,96600,96600,3440.999999999997,3440.9999999999973,100041,100041
17,85,poison,azoxystrobin,noise-028,noise,0.1,0.1,0,,0,0,96600,96600,3440.999999999997,3440.9999999999973,100041,100041
17,85,poison,azoxystrobin,noise-029,noise,0.1,0.1,0,,0,0,96600,96600,3440.999999999997,3440.9999999999973,100041,100041
17,85,poison,azoxystrobin,noise-030,noise,0.1,0.1,0,,0,0,96600,96600,3440.999999999997,3440.9999999999973,100041,100041
17,85,poison,azoxystrobin,spider,insect,124.62,201,1,10,1,0,96600,96600,3440.999999999997,3440.9999999999973,100041,100041
17,85,poison,azoxystrobin,spider-hydramethylnon,insect,124.62,201,0,,1,0,96600,96600,3440.999999999997,3440.9999999999973,100041,100041
17,85,poison,azoxystrobin,trichlorophenol,bridge,1,1,0,,0,0,96600,96600,3440.999999999997,3440.9999999999973,100041,100041
18,90,poison,botulinum,abamectin,bridge,77.38,1,0,,0,1,96400,96400,3640.999999999997,3640.9999999999973,100041,100041
18,90,poison,botulinum,acetamiprid,bridge,77.38,1,0,,0,1,96400,96400,3640.999999999997,3640.9999999999973,100041,100041
18,90,poison,botulinum,aconite,poison,201,201,1,1,1,0,96400,96400,3640.999999999997,3640.9999999999973,100041,100041
18,90,poison,botulinum,aflatoxin,poison,201,201,1,6,1,0,96400,96400,3640.999999999997,3640.9999999999973,100041,100041
18,90,poison,botulinum,alachlor,bridge,77.38,1,0,,0,1,96400,96400,3640.999999999997,3640.9999999999973,100041,100041
18,90,poison,botulinum,alcohol,poison,201,201,1,2,1,0,96400,96400,3640.999999999997,3640.9999999999973,100041,100041
18,90,poison,botulinum,aldicarb,bridge,1,1,0,,0,0,96400,96400,3640.999999999997,3640.9999999999973,100041,100041
18,90,poison,botulinum,aldrin,bridge,1,1,0,,0,0,96400,96400,3640.999999999997,3640.9999999999973,100041,100041
18,90,poison,botulinum,ammonia,poison,201,201,1,3,1,0,96400,96400,3640.999999999997,3640.9999999999973,100041,100041
18,90,poison,botulinum,ant,insect,124.62,201,1,9,1,0,96400,96400,3640.999999999997,3640.9999999999973,100041,100041
18,90,poison,botulinum,aphid,insect,124.62,201,1,10,1,0,96400,96400,3640.999999999997,3640.9999999999973,100041,100041
18,90,poison,botulinum,aphid-fluvalinate,insect,124.62,201,0,,1,0,96400,96400,3640.999999999997,3640.9999999999973,100041,100041
18,90,poison,botulinum,armyworm-bendiocarb,insect,124.62,201,0,,1,0,96400,96400,3640.999999999997,3640.9999999999973,100041,100041
18,90,poison,botulinum,armyworm-ethion,insect,124.62,201,0,,1,0,96400,96400,3640.999999999997,3640.9999999999973,100041,100041
18,90,poison,botulinum,armyworm-fosmethilan,insect,124.62,201,0,,1,0,96400,96400,3640.999999999997,3640.9999999999973,100041,100041
18,90,poison,botulinum,arsenic,poison,201,201,1,4,1,0,96400,96400,3640.999999999997,3640.9999999999973,100041,100041
18,90,poison,botulinum,aspirin,poison,201,201,1,5,1,0,96400,96400,3640.999999999997,3640.9999999999973,100041,100041
18,90,poison,botulinum,azoxystrobin,poison,201,201,1,8,1,0,96400,96400,3640.999999999997,3640.9999999999973,100041,100041
18,90,poison,botulinum,beanpodborer,insect,124.62,201,0,,1,0,96400,96400,3640.999999999997,3640.9999999999973,100041,100041
18,90,poison,botulinum,beetwebworm,insect,124.62,201,1,12,1,0,96400,96400,3640.999999999997,3640.9999999999973,100041,100041
18,90,poison,botulinum,benazolin,bridge,1,1,0,,0,0,96400,96400,3640.999999999997,3640.9999999999973,100041,100041
18,90,poison,botulinum,bendiocarb,bridge,77.38,1,0,,0,1,96400,96400,3640.999999999997,3640.9999999999973,100041,100041
18,90,poison,botulinum,botulinum,poison,201,201,1,7,1,0,96400,96400,3640.999999999997,3640.9999999999973,100041,100041
18,90,poison,botulinum,diazinon,bridge,1,1,0,,0,0,96400,96400,3640.999999999997,3640.9999999999973,100041,100041
18,90,poison,botulinum,dichloropropene,bridge,1,1,0,,0,0,96400,96400,3640.999999999997,3640.9999999999973,100041,100041
18,90,poison,botulinum,dicofol,bridge,1,1,0,,0,0,96400,96400,3640.999999999997,3640.9999999999973,100041,100041
18,90,poison,botulinum,dinoseb,bridge,1,1,0,,0,0,96400,96400,3640.999999999997,3640.9999999999973,100041,100041
18,90,poison,botulinum,ethiofencarb,bridge,1,1,0,,0,0,96400,96400,3640.999999999997,3640.9999999999973,100041,100041
18,90,poison,botulinum,ethion,bridge,77.38,1,0,,0,1,96400,96400,3640.999999999997,3640.9999999999973,100041,100041
18,90,poison,botulinum,fenson,bridge,77.38,1,0,,0,1,96400,96400,3640.999999999997,3640.9999999999973,100041,100041
18,90,poison,botulinum,fluvalinate,bridge,77.38,1,0,,0,1,96400,96400,3640.999999999997,3640.9999999999973,100041,100041
18,90,poison,botulinum,fosmethilan,bridge,77.38,1,0,,0,1,96400,96400,3640.999999999997,3640.9999999999973,100041,100041
18,90,poison,botulinum,hydramethylnon,bridge,77.38,1,0,,0,1,96400,96400,3640.999999999997,3640.9999999999973,100041,100041
18,90,poison,botulinum,lindane,bridge,77.38,1,0,,0,1,96400,96400,3640.999999999997,3640.9999999999973,100041,100041
18,90,poison,botulinum,methidathion,bridge,1,1,0,,0,0,96400,96400,3640.999999999997,3640.9999999999973,100041,100041
18,90,poison,botulinum,noise-001,noise,0.1,0.1,0,,0,0,96400,96400,3640.999999999997,3640.9999999999973,100041,100041
18,90,poison,botulinum,noise-002,noise,0.1,0.1,0,,0,0,96400,96400,3640.999999999997,3640.9999999999973,100041,100041
18,90,poison,botulinum,noise-003,noise,0.1,0.1,0,,0,0,96400,96400,3640.999999999997,3640.9999999999973,100041,100041
18,90,poison,botulinum,noise-004,noise,0.1,0.1,0,,0,0,96400,96400,3640.999999999997,3640.9999999999973,100041,100041
18,90,poison,botulinum,noise-005,noise,0.1,0.1,0,,0,0,96400,96400,3640.999999999997,3640.9999999999973,100041,100041
18,90,poison,botulinum,noise-006,noise,0.1,0.1,0,,0,0,96400,96400,3640.999999999997,3640.9999999999973,100041,100041
18,90,poison,botulinum,noise-007,noise,0.1,0.1,0,,0,0,96400,96400,3640.999999999997,3640.9999999999973,100041,100041
18,90,poison,botulinum,noise-008,noise,0.1,0.1,0,,0,0,96400,96400,3640.999999999997,3640.9999999999973,100041,100041
18,90,poison,botulinum,noise-009,noise,0.1,0.1,0,,0,0,96400,96400,3640.999999999997,3640.9999999999973,100041,100041
18,90,poison,botulinum,noise-010,noise,0.1,0.1,0,,0,0,96400,96400,3640.999999999997,3640.9999999999973,100041,100041
18,90,poison,botulinum,noise-011,noise,0.1,0.1,0,,0,0,96400,96400,3640.999999999997,3640.9999999999973,100041,100041
18,90,poison,botulinum,noise-012,noise,0.1,0.1,0,,0,0,96400,96400,3640.999999999997,3640.9999999999973,100041,100041
18,90,poison,botulinum,noise-013,noise,0.1,0.1,0,,0,0,96400,96400,3640.999999999997,3640.9999999999973,100041,100041
18,90,poison,botulinum,noise-014,noise,0.1,0.1,0,,0,0,96400,96400,3640.999999999997,3640.9999999999973,100041,100041
18,90,poison,botulinum,noise-015,noise,0.1,0.1,0,,0,0,96400,96400,3640.999999999997,3640.9999999999973,100041,100041
18,90,poison,botulinum,noise-016,noise,0.1,0.1,0,,0,0,96400,96400,3640.999999999997,3640.9999999999973,100041,100041
18,90,poison,botulinum,noise-017,noise,0.1,0.1,0,,0,0,96400,96400,3640.999999999997,3640.9999999999973,100041,100041
18,90,poison,botulinum,noise-018,noise,0.1,0.1,0,,0,0,96400,96400,3640.999999999997,3640.9999999999973,100041,100041
18,90,poison,botulinum,noise-019,noise,0.1,0.1,0,,0,0,96400,96400,3640.999999999997,3640.9999999999973,100041,100041
18,90,poison,botulinum,noise-020,noise,0.1,0.1,0,,0,0,96400,96400,3640.999999999997,3640.9999999999973,100041,100041
18,90,poison,botulinum,noise-021,noise,0.1,0.1,0,,0,0,96400,96400,3640.999999999997,3640.9999999999973,100041,100041
18,90,poison,botulinum,noise-022,noise,0.1,0.1,0,,0,0,96400,96400,3640.999999999997,3640.9999999999973,100041,100041
18,90,poison,botulinum,noise-023,noise,0.1,0.1,0,,0,0,96400,96400,3640.999999999997,3640.9999999999973,100041,100041
18,90,poison,botulinum,noise-024,noise,0.1,0.1,0,,0,0,96400,96400,3640.999999999997,3640.9999999999973,100041,100041
18,90,poison,botulinum,noise-025,noise,0.1,0.1,0,,0,0,96400,96400,3640.999999999997,3640.9999999999973,100041,100041
18,90,poison,botulinum,noise-026,noise,0.1,0.1,0,,0,0,96400,96400,3640.999999999997,3640.9999999999973,100041,100041
18,90,poison,botulinum,noise-027,noise,0.1,0.1,0,,0,0,96400,96400,3640.999999999997,3640.9999999999973,100041,100041
18,90,poison,botulinum,noise-028,noise,0.1,0.1,0,,0,0,96400,96400,3640.999999999997,3640.9999999999973,100041,100041
18,90,poison,botulinum,noise-029,noise,0.1,0.1,0,,0,0,96400,96400,3640.999999999997,3640.9999999999973,100041,100041
18,90,poison,botulinum,noise-030,noise,0.1,0.1,0,,0,0,96400,96400,3640.999999999997,3640.9999999999973,100041,100041
18,90,poison,botulinum,spider,insect,124.62,201,1,11,1,0,96400,96400,3640.999999999997,3640.9999999999973,100041,100041
18,90,poison,botulinum,spider-hydramethylnon,insect,124.62,201,0,,1,0,96400,96400,3640.999999999997,3640.9999999999973,100041,100041
18,90,poison,botulinum,trichlorophenol,bridge,1,1,0,,0,0,96400,96400,3640.999999999997,3640.9999999999973,100041,100041
19,94,settling,,abamectin,bridge,77.38,1,0,,0,1,96400,96400,3640.999999999997,3640.9999999999973,100041,100041
19,94,settling,,acetamiprid,bridge,77.38,1,0,,0,1,96400,96400,3640.999999999997,3640.9999999999973,100041,100041
19,94,settling,,aconite,poison,201,201,1,1,1,0,96400,96400,3640.999999999997,3640.9999999999973,100041,100041
19,94,settling,,aflatoxin,poison,201,201,1,6,1,0,96400,96400,3640.999999999997,3640.9999999999973,100041,100041
19,94,settling,,alachlor,bridge,77.38,1,0,,0,1,96400,96400,3640.999999999997,3640.9999999999973,100041,100041
19,94,settling,,alcohol,poison,201,201,1,2,1,0,96400,96400,3640.999999999997,3640.9999999999973,100041,100041
19,94,settling,,aldicarb,bridge,1,1,0,,0,0,96400,96400,3640.999999999997,3640.9999999999973,100041,100041
19,94,settling,,aldrin,bridge,1,1,0,,0,0,96400,96400,3640.999999999997,3640.9999999999973,100041,100041
19,94,settling,,ammonia,poison,201,201,1,3,1,0,96400,96400,3640.999999999997,3640.9999999999973,100041,100041
19,94,settling,,ant,insect,124.62,201,1,9,1,0,96400,96400,3640.999999999997,3640.9999999999973,100041,100041
19,94,settling,,aphid,insect,124.62,201,1,10,1,0,96400,96400,3640.999999999997,3640.9999999999973,100041,100041
19,94,settling,,aphid-fluvalinate,insect,124.62,201,0,,1,0,96400,96400,3640.999999999997,3640.9999999999973,100041,100041
19,94,settling,,armyworm-bendiocarb,insect,124.62,201,0,,1,0,96400,96400,3640.999999999997,3640.9999999999973,100041,100041
19,94,settling,,armyworm-ethion,insect,124.62,201,0,,1,0,96400,96400,3640.999999999997,3640.9999999999973,100041,100041
19,94,settling,,armyworm-fosmethilan,insect,124.62,201,0,,1,0,96400,96400,3640.999999999997,3640.9999999999973,100041,100041
19,94,settling,,arsenic,poison,201,201,1,4,1,0,96400,96400,3640.999999999997,3640.9999999999973,100041,100041
19,94,settling,,aspirin,poison,201,201,1,5,1,0,96400,96400,3640.999999999997,3640.9999999999973,100041,100041
19,94,settling,,azoxystrobin,poison,201,201,1,8,1,0,96400,96400,3640.999999999997,3640.9999999999973,100041,100041
19,94,settling,,beanpodborer,insect,124.62,201,0,,1,0,96400,96400,3640.999999999997,3640.9999999999973,100041,100041
19,94,settling,,beetwebworm,insect,124.62,201,1,12,1,0,96400,96400,3640.999999999997,3640.9999999999973,100041,100041
19,94,settling,,benazolin,bridge,1,1,0,,0,0,96400,96400,3640.999999999997,3640.9999999999973,100041,100041
19,94,settling,,bendiocarb,bridge,77.38,1,0,,0,1,96400,96400,3640.999999999997,3640.9999999999973,100041,100041
19,94,settling,,botulinum,poison,201,201,1,7,1,0,96400,96400,3640.999999999997,3640.9999999999973,100041,100041
19,94,settling,,diazinon,bridge,1,1,0,,0,0,96400,96400,3640.999999999997,3640.9999999999973,100041,100041
19,94,settling,,dichloropropene,bridge,1,1,0,,0,0,96400,96400,3640.999999999997,3640.9999999999973,100041,100041
19,94,settling,,dicofol,bridge,1,1,0,,0,0,96400,96400,3640.999999999997,3640.9999999999973,100041,100041
19,94,settling,,dinoseb,bridge,1,1,0,,0,0,96400,96400,3640.999999999997,3640.9999999999973,100041,100041
19,94,settling,,ethiofencarb,bridge,1,1,0,,0,0,96400,96400,3640.999999999997,3640.9999999999973,100041,100041
19,94,settling,,ethion,bridge,77.38,1,0,,0,1,96400,96400,3640.999999999997,3640.9999999999973,100041,100041
19,94,settling,,fenson,bridge,77.38,1,0,,0,1,96400,96400,3640.999999999997,3640.9999999999973,100041,100041
19,94,settling,,fluvalinate,bridge,77.38,1,0,,0,1,96400,96400,3640.999999999997,3640.9999999999973,100041,100041
19,94,settling,,fosmethilan,bridge,77.38,1,0,,0,1,96400,96400,3640.999999999997,3640.9999999999973,100041,100041
19,94,settling,,hydramethylnon,bridge,77.38,1,0,,0,1,96400,96400,3640.999999999997,3640.9999999999973,100041,100041
19,94,settling,,lindane,bridge,77.38,1,0,,0,1,96400,96400,3640.999999999997,3640.9999999999973,100041,100041
19,94,settling,,methidathion,bridge,1,1,0,,0,0,96400,96400,3640.999999999997,3640.9999999999973,100041,100041
19,94,settling,,noise-001,noise,0.1,0.1,0,,0,0,96400,96400,3640.999999999997,3640.9999999999973,100041,100041
19,94,settling,,noise-002,noise,0.1,0.1,0,,0,0,96400,96400,3640.999999999997,3640.9999999999973,100041,100041
19,94,settling,,noise-003,noise,0.1,0.1,0,,0,0,96400,96400,3640.999999999997,3640.9999999999973,100041,100041
19,94,settling,,noise-004,noise,0.1,0.1,0,,0,0,96400,96400,3640.999999999997,3640.9999999999973,100041,100041
19,94,settling,,noise-005,noise,0.1,0.1,0,,0,0,96400,96400,3640.999999999997,3640.9999999999973,100041,100041
19,94,settling,,noise-006,noise,0.1,0.1,0,,0,0,96400,96400,3640.999999999997,3640.9999999999973,100041,100041
19,94,settling,,noise-007,noise,0.1,0.1,0,,0,0,96400,96400,3640.999999999997,3640.9999999999973,100041,100041
19,94,settling,,noise-008,noise,0.1,0.1,0,,0,0,96400,96400,3640.999999999997,3640.9999999999973,100041,100041
19,94,settling,,noise-009,noise,0.1,0.1,0,,0,0,96400,96400,3640.999999999997,3640.9999999999973,100041,100041
19,94,settling,,noise-010,noise,0.1,0.1,0,,0,0,96400,96400,3640.999999999997,3640.9999999999973,100041,100041
19,94,settling,,noise-011,noise,0.1,0.1,0,,0,0,96400,96400,3640.999999999997,3640.9999999999973,100041,100041
19,94,settling,,noise-012,noise,0.1,0.1,0,,0,0,96400,96400,3640.999999999997,3640.9999999999973,100041,100041
19,94,settling,,noise-013,noise,0.1,0.1,0,,0,0,96400,96400,3640.999999999997,3640.9999999999973,100041,100041
19,94,settling,,noise-014,noise,0.1,0.1,0,,0,0,96400,96400,3640.999999999997,3640.9999999999973,100041,100041
19,94,settling,,noise-015,noise,0.1,0.1,0,,0,0,96400,96400,3640.999999999997,3640.9999999999973,100041,100041
19,94,settling,,noise-016,noise,0.1,0.1,0,,0,0,96400,96400,3640.999999999997,3640.9999999999973,100041,100041
19,94,settling,,noise-017,noise,0.1,0.1,0,,0,0,96400,96400,3640.999999999997,3640.9999999999973,100041,100041
19,94,settling,,noise-018,noise,0.1,0.1,0,,0,0,96400,96400,3640.999999999997,3640.9999999999973,100041,100041
19,94,settling,,noise-019,noise,0.1,0.1,0,,0,0,96400,96400,3640.999999999997,3640.9999999999973,100041,100041
19,94,settling,,noise-020,noise,0.1,0.1,0,,0,0,96400,96400,3640.999999999997,3640.9999999999973,100041,100041
19,94,settling,,noise-021,noise,0.1,0.1,0,,0,0,96400,96400,3640.999999999997,3640.9999999999973,100041,100041
19,94,settling,,noise-022,noise,0.1,0.1,0,,0,0,96400,96400,3640.999999999997,3640.9999999999973,100041,100041
19,94,settling,,noise-023,noise,0.1,0.1,0,,0,0,96400,96400,3640.999999999997,3640.9999999999973,100041,100041
19,94,settling,,noise-024,noise,0.1,0.1,0,,0,0,96400,96400,3640.999999999997,3640.9999999999973,100041,100041
19,94,settling,,noise-025,noise,0.1,0.1,0,,0,0,96400,96400,3640.999999999997,3640.9999999999973,100041,100041
19,94,settling,,noise-026,noise,0.1,0.1,0,,0,0,96400,96400,3640.999999999997,3640.9999999999973,100041,100041
19,94,settling,,noise-027,noise,0.1,0.1,0,,0,0,96400,96400,3640.999999999997,3640.9999999999973,100041,100041
19,94,settling,,noise-028,noise,0.1,0.1,0,,0,0,96400,96400,3640.999999999997,3640.9999999999973,100041,100041
19,94,settling,,noise-029,noise,0.1,0.1,0,,0,0,96400,96400,3640.999999999997,3640.9999999999973,100041,100041
19,94,settling,,noise-030,noise,0.1,0.1,0,,0,0,96400,96400,3640.999999999997,3640.9999999999973,100041,100041
19,94,settling,,spider,insect,124.62,201,1,11,1,0,96400,96400,3640.999999999997,3640.9999999999973,100041,100041
19,94,settling,,spider-hydramethylnon,insect,124.62,201,0,,1,0,96400,96400,3640.999999999997,3640.9999999999973,100041,100041
19,94,settling,,trichlorophenol,bridge,1,1,0,,0,0,96400,96400,3640.999999999997,3640.9999999999973,100041,100041
20,98,settling,,abamectin,bridge,77.38,1,0,,0,1,96400,96400,3640.999999999997,3640.9999999999973,100041,100041
20,98,settling,,acetamiprid,bridge,77.38,1,0,,0,1,96400,96400,3640.999999999997,3640.9999999999973,100041,100041
20,98,settling,,aconite,poison,201,201,1,1,1,0,96400,96400,3640.999999999997,3640.9999999999973,100041,100041
20,98,settling,,aflatoxin,poison,201,201,1,6,1,0,96400,96400,3640.999999999997,3640.9999999999973,100041,100041
20,98,settling,,alachlor,bridge,77.38,1,0,,0,1,96400,96400,3640.999999999997,3640.9999999999973,100041,100041
20,98,settling,,alcohol,poison,201,201,1,2,1,0,96400,96400,3640.999999999997,3640.9999999999973,100041,100041
20,98,settling,,aldicarb,bridge,1,1,0,,0,0,96400,96400,3640.999999999997,3640.9999999999973,100041,100041
20,98,settling,,aldrin,bridge,1,1,0,,0,0,96400,96400,3640.999999999997,3640.9999999999973,100041,100041
20,98,settling,,ammonia,poison,201,201,1,3,1,0,96400,96400,3640.999999999997,3640.9999999999973,100041,100041
20,98,settling,,ant,insect,124.62,201,1,9,1,0,96400,96400,3640.999999999997,3640.9999999999973,100041,100041
20,98,settling,,aphid,insect,124.62,201,1,10,1,0,96400,96400,3640.999999999997,3640.9999999999973,100041,100041
20,98,settling,,aphid-fluvalinate,insect,124.62,201,0,,1,0,96400,96400,3640.999999999997,3640.9999999999973,100041,100041
20,98,settling,,armyworm-bendiocarb,insect,124.62,201,0,,1,0,96400,96400,3640.999999999997,3640.9999999999973,100041,100041
20,98,settling,,armyworm-ethion,insect,124.62,201,0,,1,0,96400,96400,3640.999999999997,3640.9999999999973,100041,100041
20,98,settling,,armyworm-fosmethilan,insect,124.62,201,0,,1,0,96400,96400,3640.999999999997,3640.9999999999973,100041,100041
20,98,settling,,arsenic,poison,201,201,1,4,1,0,96400,96400,3640.999999999997,3640.9999999999973,100041,100041
20,98,settling,,aspirin,poison,201,201,1,5,1,0,96400,96400,3640.999999999997,3640.9999999999973,100041,100041
20,98,settling,,azoxystrobin,poison,201,201,1,8,1,0,96400,96400,3640.999999999997,3640.9999999999973,100041,100041
20,98,settling,,beanpodborer,insect,124.62,201,0,,1,0,96400,96400,3640.999999999997,3640.9999999999973,100041,100041
20,98,settling,,beetwebworm,insect,124.62,201,1,12,1,0,96400,96400,3640.999999999997,3640.9999999999973,100041,100041
20,98,settling,,benazolin,bridge,1,1,0,,0,0,96400,96400,3640.999999999997,3640.9999999999973,100041,100041
20,98,settling,,bendiocarb,bridge,77.38,1,0,,0,1,96400,96400,3640.999999999997,3640.9999999999973,100041,100041
20,98,settling,,botulinum,poison,201,201,1,7,1,0,96400,96400,3640.999999999997,3640.9999999999973,100041,100041
20,98,settling,,diazinon,bridge,1,1,0,,0,0,96400,96400,3640.999999999997,3640.9999999999973,100041,100041
20,98,settling,,dichloropropene,bridge,1,1,0,,0,0,96400,96400,3640.999999999997,3640.9999999999973,100041,100041
20,98,settling,,dicofol,bridge,1,1,0,,0,0,96400,96400,3640.999999999997,3640.9999999999973,100041,100041
20,98,settling,,dinoseb,bridge,1,1,0,,0,0,96400,96400,3640.999999999997,3640.9999999999973,100041,100041
20,98,settling,,ethiofencarb,bridge,1,1,0,,0,0,96400,96400,3640.999999999997,3640.9999999999973,100041,100041
20,98,settling,,ethion,bridge,77.38,1,0,,0,1,96400,96400,3640.999999999997,3640.9999999999973,100041,100041
20,98,settling,,fenson,bridge,77.38,1,0,,0,1,96400,96400,3640.999999999997,3640.9999999999973,100041,100041
20,98,settling,,fluvalinate,bridge,77.38,1,0,,0,1,96400,96400,3640.999999999997,3640.9999999999973,100041,100041
20,98,settling,,fosmethilan,bridge,77.38,1,0,,0,1,96400,96400,3640.999999999997,3640.9999999999973,100041,100041
20,98,settling,,hydramethylnon,bridge,77.38,1,0,,0,1,96400,96400,3640.999999999997,3640.9999999999973,100041,100041
20,98,settling,,lindane,bridge,77.38,1,0,,0,1,96400,96400,3640.999999999997,3640.9999999999973,100041,100041
20,98,settling,,methidathion,bridge,1,1,0,,0,0,96400,96400,3640.999999999997,3640.9999999999973,100041,100041
20,98,settling,,noise-001,noise,0.1,0.1,0,,0,0,96400,96400,3640.999999999997,3640.9999999999973,100041,100041
20,98,settling,,noise-002,noise,0.1,0.1,0,,0,0,96400,96400,3640.999999999997,3640.9999999999973,100041,100041
20,98,settling,,noise-003,noise,0.1,0.1,0,,0,0,96400,96400,3640.999999999997,3640.9999999999973,100041,100041
20,98,settling,,noise-004,noise,0.1,0.1,0,,0,0,96400,96400,3640.999999999997,3640.9999999999973,100041,100041
20,98,settling,,noise-005,noise,0.1,0.1,0,,0,0,96400,96400,3640.999999999997,3640.9999999999973,100041,100041
20,98,settling,,noise-006,noise,0.1,0.1,0,,0,0,96400,96400,3640.999999999997,3640.9999999999973,100041,100041
20,98,settling,,noise-007,noise,0.1,0.1,0,,0,0,96400,96400,3640.999999999997,3640.9999999999973,100041,100041
20,98,settling,,noise-008,noise,0.1,0.1,0,,0,0,96400,96400,3640.999999999997,3640.9999999999973,100041,100041
20,98,settling,,noise-009,noise,0.1,0.1,0,,0,0,96400,96400,3640.999999999997,3640.9999999999973,100041,100041
20,98,settling,,noise-010,noise,0.1,0.1,0,,0,0,96400,96400,3640.999999999997,3640.9999999999973,100041,100041
20,98,settling,,noise-011,noise,0.1,0.1,0,,0,0,96400,96400,3640.999999999997,3640.9999999999973,100041,100041
20,98,settling,,noise-012,noise,0.1,0.1,0,,0,0,96400,96400,3640.999999999997,3640.9999999999973,100041,100041
20,98,settling,,noise-013,noise,0.1,0.1,0,,0,0,96400,96400,3640.999999999997,3640.9999999999973,100041,100041
20,98,settling,,noise-014,noise,0.1,0.1,0,,0,0,96400,96400,3640.999999999997,3640.9999999999973,100041,100041
20,98,settling,,noise-015,noise,0.1,0.1,0,,0,0,96400,96400,3640.999999999997,3640.9999999999973,100041,100041
20,98,settling,,noise-016,noise,0.1,0.1,0,,0,0,96400,96400,3640.999999999997,3640.9999999999973,100041,100041
20,98,settling,,noise-017,noise,0.1,0.1,0,,0,0,96400,96400,3640.999999999997,3640.9999999999973,100041,100041
20,98,settling,,noise-018,noise,0.1,0.1,0,,0,0,96400,96400,3640.999999999997,3640.9999999999973,100041,100041
20,98,settling,,noise-019,noise,0.1,0.1,0,,0,0,96400,96400,3640.999999999997,3640.9999999999973,100041,100041
20,98,settling,,noise-020,noise,0.1,0.1,0,,0,0,96400,96400,3640.999999999997,3640.9999999999973,100041,100041
20,98,settling,,noise-021,noise,0.1,0.1,0,,0,0,96400,96400,3640.999999999997,3640.9999999999973,100041,100041
20,98,settling,,noise-022,noise,0.1,0.1,0,,0,0,96400,96400,3640.999999999997,3640.9999999999973,100041,100041
20,98,settling,,noise-023,noise,0.1,0.1,0,,0,0,96400,96400,3640.999999999997,3640.9999999999973,100041,100041
20,98,settling,,noise-024,noise,0.1,0.1,0,,0,0,96400,96400,3640.999999999997,3640.9999999999973,100041,100041
20,98,settling,,noise-025,noise,0.1,0.1,0,,0,0,96400,96400,3640.999999999997,3640.9999999999973,100041,100041
20,98,settling,,noise-026,noise,0.1,0.1,0,,0,0,96400,96400,3640.999999999997,3640.9999999999973,100041,100041
20,98,settling,,noise-027,noise,0.1,0.1,0,,0,0,96400,96400,3640.999999999997,3640.9999999999973,100041,100041
20,98,settling,,noise-028,noise,0.1,0.1,0,,0,0,96400,96400,3640.999999999997,3640.9999999999973,100041,100041
20,98,settling,,noise-029,noise,0.1,0.1,0,,0,0,96400,96400,3640.999999999997,3640.9999999999973,100041,100041
20,98,settling,,noise-030,noise,0.1,0.1,0,,0,0,96400,96400,3640.999999999997,3640.9999999999973,100041,100041
20,98,settling,,spider,insect,124.62,201,1,11,1,0,96400,96400,3640.999999999997,3640.9999999999973,100041,100041
20,98,settling,,spider-hydramethylnon,insect,124.62,201,0,,1,0,96400,96400,3640.999999999997,3640.9999999999973,100041,100041
20,98,settling,,trichlorophenol,bridge,1,1,0,,0,0,96400,96400,3640.999999999997,3640.9999999999973,100041,100041
21,102,settling,,abamectin,bridge,77.38,1,0,,0,1,96400,96400,3640.999999999997,3640.9999999999973,100041,100041
21,102,settling,,acetamiprid,bridge,77.38,1,0,,0,1,96400,96400,3640.999999999997,3640.9999999999973,100041,100041
21,102,settling,,aconite,poison,201,201,1,1,1,0,96400,96400,3640.999999999997,3640.9999999999973,100041,100041
21,102,settling,,aflatoxin,poison,201,201,1,6,1,0,96400,96400,3640.999999999997,3640.9999999999973,100041,100041
21,102,settling,,alachlor,bridge,77.38,1,0,,0,1,96400,96400,3640.999999999997,3640.9999999999973,100041,100041
21,102,settling,,alcohol,poison,201,201,1,2,1,0,96400,96400,3640.999999999997,3640.9999999999973,100041,100041
21,102,settling,,aldicarb,bridge,1,1,0,,0,0,96400,96400,3640.999999999997,3640.9999999999973,100041,100041
21,102,settling,,aldrin,bridge,1,1,0,,0,0,96400,96400,3640.999999999997,3640.9999999999973,100041,100041
21,102,settling,,ammonia,poison,201,201,1,3,1,0,96400,96400,3640.999999999997,3640.9999999999973,100041,100041
21,102,settling,,ant,insect,124.62,201,1,9,1,0,96400,96400,3640.999999999997,3640.9999999999973,100041,100041
21,102,settling,,aphid,insect,124.62,201,1,10,1,0,96400,96400,3640.999999999997,3640.9999999999973,100041,100041
21,102,settling,,aphid-fluvalinate,insect,124.62,201,0,,1,0,96400,96400,3640.999999999997,3640.9999999999973,100041,100041
21,102,settling,,armyworm-bendiocarb,insect,124.62,201,0,,1,0,96400,96400,3640.999999999997,3640.9999999999973,100041,100041
21,102,settling,,armyworm-ethion,insect,124.62,201,0,,1,0,96400,96400,3640.999999999997,3640.9999999999973,100041,100041
21,102,settling,,armyworm-fosmethilan,insect,124.62,201,0,,1,0,96400,96400,3640.999999999997,3640.9999999999973,100041,100041
21,102,settling,,arsenic,poison,201,201,1,4,1,0,96400,96400,3640.999999999997,3640.9999999999973,100041,100041
21,102,settling,,aspirin,poison,201,201,1,5,1,0,96400,96400,3640.999999999997,3640.9999999999973,100041,100041
21,102,settling,,azoxystrobin,poison,201,201,1,8,1,0,96400,96400,3640.999999999997,3640.9999999999973,100041,100041
21,102,settling,,beanpodborer,insect,124.62,201,0,,1,0,96400,96400,3640.999999999997,3640.9999999999973,100041,100041
21,102,settling,,beetwebworm,insect,124.62,201,1,12,1,0,96400,96400,3640.999999999997,3640.9999999999973,100041,100041
21,102,settling,,benazolin,bridge,1,1,0,,0,0,96400,96400,3640.999999999997,3640.9999999999973,100041,100041
21,102,settling,,bendiocarb,bridge,77.38,1,0,,0,1,96400,96400,3640.999999999997,3640.9999999999973,100041,100041
21,102,settling,,botulinum,poison,201,201,1,7,1,0,96400,96400,3640.999999999997,3640.9999999999973,100041,100041
21,102,settling,,diazinon,bridge,1,1,0,,0,0,96400,96400,3640.999999999997,3640.9999999999973,100041,100041
21,102,settling,,dichloropropene,bridge,1,1,0,,0,0,96400,96400,3640.999999999997,3640.9999999999973,100041,100041
21,102,settling,,dicofol,bridge,1,1,0,,0,0,96400,96400,3640.999999999997,3640.9999999999973,100041,100041
21,102,settling,,dinoseb,bridge,1,1,0,,0,0,96400,96400,3640.999999999997,3640.9999999999973,100041,100041
21,102,settling,,ethiofencarb,bridge,1,1,0,,0,0,96400,96400,3640.999999999997,3640.9999999999973,100041,100041
21,102,settling,,ethion,bridge,77.38,1,0,,0,1,96400,96400,3640.999999999997,3640.9999999999973,100041,100041
21,102,settling,,fenson,bridge,77.38,1,0,,0,1,96400,96400,3640.999999999997,3640.9999999999973,100041,100041
21,102,settling,,fluvalinate,bridge,77.38,1,0,,0,1,96400,96400,3640.999999999997,3640.9999999999973,100041,100041
21,102,settling,,fosmethilan,bridge,77.38,1,0,,0,1,96400,96400,3640.999999999997,3640.9999999999973,100041,100041
21,102,settling,,hydramethylnon,bridge,77.38,1,0,,0,1,96400,96400,3640.999999999997,3640.9999999999973,100041,100041
21,102,settling,,lindane,bridge,77.38,1,0,,0,1,96400,96400,3640.999999999997,3640.9999999999973,100041,100041
21,102,settling,,methidathion,bridge,1,1,0,,0,0,96400,96400,3640.999999999997,3640.9999999999973,100041,100041
21,102,settling,,noise-001,noise,0.1,0.1,0,,0,0,96400,96400,3640.999999999997,3640.9999999999973,100041,100041
21,102,settling,,noise-002,noise,0.1,0.1,0,,0,0,96400,96400,3640.999999999997,3640.9999999999973,100041,100041
21,102,settling,,noise-003,noise,0.1,0.1,0,,0,0,96400,96400,3640.999999999997,3640.9999999999973,100041,100041
21,102,settling,,noise-004,noise,0.1,0.1,0,,0,0,96400,96400,3640.999999999997,3640.9999999999973,100041,100041
21,102,settling,,noise-005,noise,0.1,0.1,0,,0,0,96400,96400,3640.999999999997,3640.9999999999973,100041,100041
21,102,settling,,noise-006,noise,0.1,0.1,0,,0,0,96400,96400,3640.999999999997,3640.9999999999973,100041,100041
21,102,settling,,noise-007,noise,0.1,0.1,0,,0,0,96400,96400,3640.999999999997,3640.9999999999973,100041,100041
21,102,settling,,noise-008,noise,0.1,0.1,0,,0,0,96400,96400,3640.999999999997,3640.9999999999973,100041,100041
21,102,settling,,noise-009,noise,0.1,0.1,0,,0,0,96400,96400,3640.999999999997,3640.9999999999973,100041,100041
21,102,settling,,noise-010,noise,0.1,0.1,0,,0,0,96400,96400,3640.999999999997,3640.9999999999973,100041,100041
21,102,settling,,noise-011,noise,0.1,0.1,0,,0,0,96400,96400,3640.999999999997,3640.9999999999973,100041,100041
21,102,settling,,noise-012,noise,0.1,0.1,0,,0,0,96400,96400,3640.999999999997,3640.9999999999973,100041,100041
21,102,settling,,noise-013,noise,0.1,0.1,0,,0,0,96400,96400,3640.999999999997,3640.9999999999973,100041,100041
21,102,settling,,noise-014,noise,0.1,0.1,0,,0,0,96400,96400,3640.999999999997,3640.9999999999973,100041,100041
21,102,settling,,noise-015,noise,0.1,0.1,0,,0,0,96400,96400,3640.999999999997,3640.9999999999973,100041,100041
21,102,settling,,noise-016,noise,0.1,0.1,0,,0,0,96400,96400,3640.999999999997,3640.9999999999973,100041,100041
21,102,settling,,noise-017,noise,0.1,0.1,0,,0,0,96400,96400,3640.999999999997,3640.9999999999973,100041,100041
21,102,settling,,noise-018,noise,0.1,0.1,0,,0,0,96400,96400,3640.999999999997,3640.9999999999973,100041,100041
21,102,settling,,noise-019,noise,0.1,0.1,0,,0,0,96400,96400,3640.999999999997,3640.9999999999973,100041,100041
21,102,settling,,noise-020,noise,0.1,0.1,0,,0,0,96400,96400,3640.999999999997,3640.9999999999973,100041,100041
21,102,settling,,noise-021,noise,0.1,0.1,0,,0,0,96400,96400,3640.999999999997,3640.9999999999973,100041,100041
21,102,settling,,noise-022,noise,0.1,0.1,0,,0,0,96400,96400,3640.999999999997,3640.9999999999973,100041,100041
21,102,settling,,noise-023,noise,0.1,0.1,0,,0,0,96400,96400,3640.999999999997,3640.9999999999973,100041,100041
21,102,settling,,noise-024,noise,0.1,0.1,0,,0,0,96400,96400,3640.999999999997,3640.9999999999973,100041,100041
21,102,settling,,noise-025,noise,0.1,0.1,0,,0,0,96400,96400,3640.999999999997,3640.9999999999973,100041,100041
21,102,settling,,noise-026,noise,0.1,0.1,0,,0,0,96400,96400,3640.999999999997,3640.9999999999973,100041,100041
21,102,settling,,noise-027,noise,0.1,0.1,0,,0,0,96400,96400,3640.999999999997,3640.9999999999973,100041,100041
21,102,settling,,noise-028,noise,0.1,0.1,0,,0,0,96400,96400,3640.999999999997,3640.9999999999973,100041,100041
21,102,settling,,noise-029,noise,0.1,0.1,0,,0,0,96400,96400,3640.999999999997,3640.9999999999973,100041,100041
21,102,settling,,noise-030,noise,0.1,0.1,0,,0,0,96400,96400,3640.999999999997,3640.9999999999973,100041,100041
21,102,settling,,spider,insect,124.62,201,1,11,1,0,96400,96400,3640.999999999997,3640.9999999999973,100041,100041
21,102,settling,,spider-hydramethylnon,insect,124.62,201,0,,1,0,96400,96400,3640.999999999997,3640.9999999999973,100041,100041
21,102,settling,,trichlorophenol,bridge,1,1,0,,0,0,96400,96400,3640.999999999997,3640.9999999999973,100041,100041
22,106,settling,,abamectin,bridge,77.38,1,0,,0,1,96400,96400,3640.999999999997,3640.9999999999973,100041,100041
22,106,settling,,acetamiprid,bridge,77.38,1,0,,0,1,96400,96400,3640.999999999997,3640.9999999999973,100041,100041
22,106,settling,,aconite,poison,201,201,1,1,1,0,96400,96400,3640.999999999997,3640.9999999999973,100041,100041
22,106,settling,,aflatoxin,poison,201,201,1,6,1,0,96400,96400,3640.999999999997,3640.9999999999973,100041,100041
22,106,settling,,alachlor,bridge,77.38,1,0,,0,1,96400,96400,3640.999999999997,3640.9999999999973,100041,100041
22,106,settling,,alcohol,poison,201,201,1,2,1,0,96400,96400,3640.999999999997,3640.9999999999973,100041,100041
22,106,settling,,aldicarb,bridge,1,1,0,,0,0,96400,96400,3640.999999999997,3640.9999999999973,100041,100041
22,106,settling,,aldrin,bridge,1,1,0,,0,0,96400,96400,3640.999999999997,3640.9999999999973,100041,100041
22,106,settling,,ammonia,poison,201,201,1,3,1,0,96400,96400,3640.999999999997,3640.9999999999973,100041,100041
22,106,settling,,ant,insect,124.62,201,1,9,1,0,96400,96400,3640.999999999997,3640.9999999999973,100041,100041
22,106,settling,,aphid,insect,124.62,201,1,10,1,0,96400,96400,3640.999999999997,3640.9999999999973,100041,100041
22,106,settling,,aphid-fluvalinate,insect,124.62,201,0,,1,0,96400,96400,3640.999999999997,3640.9999999999973,100041,100041
22,106,settling,,armyworm-bendiocarb,insect,124.62,201,0,,1,0,96400,96400,3640.999999999997,3640.9999999999973,100041,100041
22,106,settling,,armyworm-ethion,insect,124.62,201,0,,1,0,96400,96400,3640.999999999997,3640.9999999999973,100041,100041
22,106,settling,,armyworm-fosmethilan,insect,124.62,201,0,,1,0,96400,96400,3640.999999999997,3640.9999999999973,100041,100041
22,106,settling,,arsenic,poison,201,201,1,4,1,0,96400,96400,3640.999999999997,3640.9999999999973,100041,100041
22,106,settling,,aspirin,poison,201,201,1,5,1,0,96400,96400,3640.999999999997,3640.9999999999973,100041,100041
22,106,settling,,azoxystrobin,poison,201,201,1,8,1,0,96400,96400,3640.999999999997,3640.9999999999973,100041,100041
22,106,settling,,beanpodborer,insect,124.62,201,0,,1,0,96400,96400,3640.999999999997,3640.9999999999973,100041,100041
22,106,settling,,beetwebworm,insect,124.62,201,1,12,1,0,96400,96400,3640.999999999997,3640.9999999999973,100041,100041
22,106,settling,,benazolin,bridge,1,1,0,,0,0,96400,96400,3640.999999999997,3640.9999999999973,100041,100041
22,106,settling,,bendiocarb,bridge,77.38,1,0,,0,1,96400,96400,3640.999999999997,3640.9999999999973,100041,100041
22,106,settling,,botulinum,poison,201,201,1,7,1,0,96400,96400,3640.999999999997,3640.9999999999973,100041,100041
22,106,settling,,diazinon,bridge,1,1,0,,0,0,96400,96400,3640.999999999997,3640.9999999999973,100041,100041
22,106,settling,,dichloropropene,bridge,1,1,0,,0,0,96400,96400,3640.999999999997,3640.9999999999973,100041,100041
22,106,settling,,dicofol,bridge,1,1,0,,0,0,96400,96400,3640.999999999997,3640.9999999999973,100041,100041
22,106,settling,,dinoseb,bridge,1,1,0,,0,0,96400,96400,3640.999999999997,3640.9999999999973,100041,100041
22,106,settling,,ethiofencarb,bridge,1,1,0,,0,0,96400,96400,3640.999999999997,3640.9999999999973,100041,100041
22,106,settling,,ethion,bridge,77.38,1,0,,0,1,96400,96400,3640.999999999997,3640.9999999999973,100041,100041
22,106,settling,,fenson,bridge,77.38,1,0,,0,1,96400,96400,3640.999999999997,3640.9999999999973,100041,100041
22,106,settling,,fluvalinate,bridge,77.38,1,0,,0,1,96400,96400,3640.999999999997,3640.9999999999973,100041,100041
22,106,settling,,fosmethilan,bridge,77.38,1,0,,0,1,96400,96400,3640.999999999997,3640.9999999999973,100041,100041
22,106,settling,,hydramethylnon,bridge,77.38,1,0,,0,1,96400,96400,3640.999999999997,3640.9999999999973,100041,100041
22,106,settling,,lindane,bridge,77.38,1,0,,0,1,96400,96400,3640.999999999997,3640.9999999999973,100041,100041
22,106,settling,,methidathion,bridge,1,1,0,,0,0,96400,96400,3640.999999999997,3640.9999999999973,100041,100041
22,106,settling,,noise-001,noise,0.1,0.1,0,,0,0,96400,96400,3640.999999999997,3640.9999999999973,100041,100041
22,106,settling,,noise-002,noise,0.1,0.1,0,,0,0,96400,96400,3640.999999999997,3640.9999999999973,100041,100041
22,106,settling,,noise-003,noise,0.1,0.1,0,,0,0,96400,96400,3640.999999999997,3640.9999999999973,100041,100041
22,106,settling,,noise-004,noise,0.1,0.1,0,,0,0,96400,96400,3640.999999999997,3640.9999999999973,100041,100041
22,106,settling,,noise-005,noise,0.1,0.1,0,,0,0,96400,96400,3640.999999999997,3640.9999999999973,100041,100041
22,106,settling,,noise-006,noise,0.1,0.1,0,,0,0,96400,96400,3640.999999999997,3640.9999999999973,100041,100041
22,106,settling,,noise-007,noise,0.1,0.1,0,,0,0,96400,96400,3640.999999999997,3640.9999999999973,100041,100041
22,106,settling,,noise-008,noise,0.1,0.1,0,,0,0,96400,96400,3640.999999999997,3640.9999999999973,100041,100041
22,106,settling,,noise-009,noise,0.1,0.1,0,,0,0,96400,96400,3640.999999999997,3640.9999999999973,100041,100041
22,106,settling,,noise-010,noise,0.1,0.1,0,,0,0,96400,96400,3640.999999999997,3640.9999999999973,100041,100041
22,106,settling,,noise-011,noise,0.1,0.1,0,,0,0,96400,96400,3640.999999999997,3640.9999999999973,100041,100041
22,106,settling,,noise-012,noise,0.1,0.1,0,,0,0,96400,96400,3640.999999999997,3640.9999999999973,100041,100041
22,106,settling,,noise-013,noise,0.1,0.1,0,,0,0,96400,96400,3640.999999999997,3640.9999999999973,100041,100041
22,106,settling,,noise-014,noise,0.1,0.1,0,,0,0,96400,96400,3640.999999999997,3640.9999999999973,100041,100041
22,106,settling,,noise-015,noise,0.1,0.1,0,,0,0,96400,96400,3640.999999999997,3640.9999999999973,100041,100041
22,106,settling,,noise-016,noise,0.1,0.1,0,,0,0,96400,96400,3640.999999999997,3640.9999999999973,100041,100041
22,106,settling,,noise-017,noise,0.1,0.1,0,,0,0,96400,96400,3640.999999999997,3640.9999999999973,100041,100041
22,106,settling,,noise-018,noise,0.1,0.1,0,,0,0,96400,96400,3640.999999999997,3640.9999999999973,100041,100041
22,106,settling,,noise-019,noise,0.1,0.1,0,,0,0,96400,96400,3640.999999999997,3640.9999999999973,100041,100041
22,106,settling,,noise-020,noise,0.1,0.1,0,,0,0,96400,96400,3640.999999999997,3640.9999999999973,100041,100041
22,106,settling,,noise-021,noise,0.1,0.1,0,,0,0,96400,96400,3640.999999999997,3640.9999999999973,100041,100041
22,106,settling,,noise-022,noise,0.1,0.1,0,,0,0,96400,96400,3640.999999999997,3640.9999999999973,100041,100041
22,106,settling,,noise-023,noise,0.1,0.1,0,,0,0,96400,96400,3640.999999999997,3640.9999999999973,100041,100041
22,106,settling,,noise-024,noise,0.1,0.1,0,,0,0,96400,96400,3640.999999999997,3640.9999999999973,100041,100041
22,106,settling,,noise-025,noise,0.1,0.1,0,,0,0,96400,96400,3640.999999999997,3640.9999999999973,100041,100041
22,106,settling,,noise-026,noise,0.1,0.1,0,,0,0,96400,96400,3640.999999999997,3640.9999999999973,100041,100041
22,106,settling,,noise-027,noise,0.1,0.1,0,,0,0,96400,96400,3640.999999999997,3640.9999999999973,100041,100041
22,106,settling,,noise-028,noise,0.1,0.1,0,,0,0,96400,96400,3640.999999999997,3640.9999999999973,100041,100041
22,106,settling,,noise-029,noise,0.1,0.1,0,,0,0,96400,96400,3640.999999999997,3640.9999999999973,100041,100041
22,106,settling,,noise-030,noise,0.1,0.1,0,,0,0,96400,96400,3640.999999999997,3640.9999999999973,100041,100041
22,106,settling,,spider,insect,124.62,201,1,11,1,0,96400,96400,3640.999999999997,3640.9999999999973,100041,100041
22,106,settling,,spider-hydramethylnon,insect,124.62,201,0,,1,0,96400,96400,3640.999999999997,3640.9999999999973,100041,100041
22,106,settling,,trichlorophenol,bridge,1,1,0,,0,0,96400,96400,3640.999999999997,3640.9999999999973,100041,100041
23,110,settling,,abamectin,bridge,77.38,1,0,,0,1,96400,96400,3640.999999999997,3640.9999999999973,100041,100041
23,110,settling,,acetamiprid,bridge,77.38,1,0,,0,1,96400,96400,3640.999999999997,3640.9999999999973,100041,100041
23,110,settling,,aconite,poison,201,201,1,1,1,0,96400,96400,3640.999999999997,3640.9999999999973,100041,100041
23,110,settling,,aflatoxin,poison,201,201,1,6,1,0,96400,96400,3640.999999999997,3640.9999999999973,100041,100041
23,110,settling,,alachlor,bridge,77.38,1,0,,0,1,96400,96400,3640.999999999997,3640.9999999999973,100041,100041
23,110,settling,,alcohol,poison,201,201,1,2,1,0,96400,96400,3640.999999999997,3640.9999999999973,100041,100041
23,110,settling,,aldicarb,bridge,1,1,0,,0,0,96400,96400,3640.999999999997,3640.9999999999973,100041,100041
23,110,settling,,aldrin,bridge,1,1,0,,0,0,96400,96400,3640.999999999997,3640.9999999999973,100041,100041
23,110,settling,,ammonia,poison,201,201,1,3,1,0,96400,96400,3640.999999999997,3640.9999999999973,100041,100041
23,110,settling,,ant,insect,124.62,201,1,9,1,0,96400,96400,3640.999999999997,3640.9999999999973,100041,100041
23,110,settling,,aphid,insect,124.62,201,1,10,1,0,96400,96400,3640.999999999997,3640.9999999999973,100041,100041
23,110,settling,,aphid-fluvalinate,insect,124.62,201,0,,1,0,96400,96400,3640.999999999997,3640.9999999999973,100041,100041
23,110,settling,,armyworm-bendiocarb,insect,124.62,201,0,,1,0,96400,96400,3640.999999999997,3640.9999999999973,100041,100041
23,110,settling,,armyworm-ethion,insect,124.62,201,0,,1,0,96400,96400,3640.999999999997,3640.9999999999973,100041,100041
23,110,settling,,armyworm-fosmethilan,insect,124.62,201,0,,1,0,96400,96400,3640.999999999997,3640.9999999999973,100041,100041
23,110,settling,,arsenic,poison,201,201,1,4,1,0,96400,96400,3640.999999999997,3640.9999999999973,100041,100041
23,110,settling,,aspirin,poison,201,201,1,5,1,0,96400,96400,3640.999999999997,3640.9999999999973,100041,100041
23,110,settling,,azoxystrobin,poison,201,201,1,8,1,0,96400,96400,3640.999999999997,3640.9999999999973,100041,100041
23,110,settling,,beanpodborer,insect,124.62,201,0,,1,0,96400,96400,3640.999999999997,3640.9999999999973,100041,100041
23,110,settling,,beetwebworm,insect,124.62,201,1,12,1,0,96400,96400,3640.999999999997,3640.9999999999973,100041,100041
23,110,settling,,benazolin,bridge,1,1,0,,0,0,96400,96400,3640.999999999997,3640.9999999999973,100041,100041
23,110,settling,,bendiocarb,bridge,77.38,1,0,,0,1,96400,96400,3640.999999999997,3640.9999999999973,100041,100041
23,110,settling,,botulinum,poison,201,201,1,7,1,0,96400,96400,3640.999999999997,3640.9999999999973,100041,100041
23,110,settling,,diazinon,bridge,1,1,0,,0,0,96400,96400,3640.999999999997,3640.9999999999973,100041,100041
23,110,settling,,dichloropropene,bridge,1,1,0,,0,0,96400,96400,3640.999999999997,3640.9999999999973,100041,100041
23,110,settling,,dicofol,bridge,1,1,0,,0,0,96400,96400,3640.999999999997,3640.9999999999973,100041,100041
23,110,settling,,dinoseb,bridge,1,1,0,,0,0,96400,96400,3640.999999999997,3640.9999999999973,100041,100041
23,110,settling,,ethiofencarb,bridge,1,1,0,,0,0,96400,96400,3640.999999999997,3640.9999999999973,100041,100041
23,110,settling,,ethion,bridge,77.38,1,0,,0,1,96400,96400,3640.999999999997,3640.9999999999973,100041,100041
23,110,settling,,fenson,bridge,77.38,1,0,,0,1,96400,96400,3640.999999999997,3640.9999999999973,100041,100041
23,110,settling,,fluvalinate,bridge,77.38,1,0,,0,1,96400,96400,3640.999999999997,3640.9999999999973,100041,100041
23,110,settling,,fosmethilan,bridge,77.38,1,0,,0,1,96400,96400,3640.999999999997,3640.9999999999973,100041,100041
23,110,settling,,hydramethylnon,bridge,77.38,1,0,,0,1,96400,96400,3640.999999999997,3640.9999999999973,100041,100041
23,110,settling,,lindane,bridge,77.38,1,0,,0,1,96400,96400,3640.999999999997,3640.9999999999973,100041,100041
23,110,settling,,methidathion,bridge,1,1,0,,0,0,96400,96400,3640.999999999997,3640.9999999999973,100041,100041
23,110,settling,,noise-001,noise,0.1,0.1,0,,0,0,96400,96400,3640.999999999997,3640.9999999999973,100041,100041
23,110,settling,,noise-002,noise,0.1,0.1,0,,0,0,96400,96400,3640.999999999997,3640.9999999999973,100041,100041
23,110,settling,,noise-003,noise,0.1,0.1,0,,0,0,96400,96400,3640.999999999997,3640.9999999999973,100041,100041
23,110,settling,,noise-004,noise,0.1,0.1,0,,0,0,96400,96400,3640.999999999997,3640.9999999999973,100041,100041
23,110,settling,,noise-005,noise,0.1,0.1,0,,0,0,96400,96400,3640.999999999997,3640.9999999999973,100041,100041
23,110,settling,,noise-006,noise,0.1,0.1,0,,0,0,96400,96400,3640.999999999997,3640.9999999999973,100041,100041
23,110,settling,,noise-007,noise,0.1,0.1,0,,0,0,96400,96400,3640.999999999997,3640.9999999999973,100041,100041
23,110,settling,,noise-008,noise,0.1,0.1,0,,0,0,96400,96400,3640.999999999997,3640.9999999999973,100041,100041
23,110,settling,,noise-009,noise,0.1,0.1,0,,0,0,96400,96400,3640.999999999997,3640.9999999999973,100041,100041
23,110,settling,,noise-010,noise,0.1,0.1,0,,0,0,96400,96400,3640.999999999997,3640.9999999999973,100041,100041
23,110,settling,,noise-011,noise,0.1,0.1,0,,0,0,96400,96400,3640.999999999997,3640.9999999999973,100041,100041
23,110,settling,,noise-012,noise,0.1,0.1,0,,0,0,96400,96400,3640.999999999997,3640.9999999999973,100041,100041
23,110,settling,,noise-013,noise,0.1,0.1,0,,0,0,96400,96400,3640.999999999997,3640.9999999999973,100041,100041
23,110,settling,,noise-014,noise,0.1,0.1,0,,0,0,96400,96400,3640.999999999997,3640.9999999999973,100041,100041
23,110,settling,,noise-015,noise,0.1,0.1,0,,0,0,96400,96400,3640.999999999997,3640.9999999999973,100041,100041
23,110,settling,,noise-016,noise,0.1,0.1,0,,0,0,96400,96400,3640.999999999997,3640.9999999999973,100041,100041
23,110,settling,,noise-017,noise,0.1,0.1,0,,0,0,96400,96400,3640.999999999997,3640.9999999999973,100041,100041
23,110,settling,,noise-018,noise,0.1,0.1,0,,0,0,96400,96400,3640.999999999997,3640.9999999999973,100041,100041
23,110,settling,,noise-019,noise,0.1,0.1,0,,0,0,96400,96400,3640.999999999997,3640.9999999999973,100041,100041
23,110,settling,,noise-020,noise,0.1,0.1,0,,0,0,96400,96400,3640.999999999997,3640.9999999999973,100041,100041
23,110,settling,,noise-021,noise,0.1,0.1,0,,0,0,96400,96400,3640.999999999997,3640.9999999999973,100041,100041
23,110,settling,,noise-022,noise,0.1,0.1,0,,0,0,96400,96400,3640.999999999997,3640.9999999999973,100041,100041
23,110,settling,,noise-023,noise,0.1,0.1,0,,0,0,96400,96400,3640.999999999997,3640.9999999999973,100041,100041
23,110,settling,,noise-024,noise,0.1,0.1,0,,0,0,96400,96400,3640.999999999997,3640.9999999999973,100041,100041
23,110,settling,,noise-025,noise,0.1,0.1,0,,0,0,96400,96400,3640.999999999997,3640.9999999999973,100041,100041
23,110,settling,,noise-026,noise,0.1,0.1,0,,0,0,96400,96400,3640.999999999997,3640.9999999999973,100041,100041
23,110,settling,,noise-027,noise,0.1,0.1,0,,0,0,96400,96400,3640.999999999997,3640.9999999999973,100041,100041
23,110,settling,,noise-028,noise,0.1,0.1,0,,0,0,96400,96400,3640.999999999997,3640.9999999999973,100041,100041
23,110,settling,,noise-029,noise,0.1,0.1,0,,0,0,96400,96400,3640.999999999997,3640.9999999999973,100041,100041
23,110,settling,,noise-030,noise,0.1,0.1,0,,0,0,96400,96400,3640.999999999997,3640.9999999999973,100041,100041
23,110,settling,,spider,insect,124.62,201,1,11,1,0,96400,96400,3640.999999999997,3640.9999999999973,100041,100041
23,110,settling,,spider-hydramethylnon,insect,124.62,201,0,,1,0,96400,96400,3640.999999999997,3640.9999999999973,100041,100041
23,110,settling,,trichlorophenol,bridge,1,1,0,,0,0,96400,96400,3640.999999999997,3640.9999999999973,100041,100041
